quarter,lgd_time,predicted_lgd
0,0.3019844788,0.054514493561742206
0,0.2199158951,0.051444624655705845
0,0.2977130771,0.05578033107375674
0,0.2460111012,0.05884453975195174
0,0.1971873924,0.05712284983756026
0,0.0078576204,0.0012426763884979541
0,1e-05,0.005352447833424763
0,0.0193344072,0.07109784559820709
0,0.0079505661,-0.018151577645399843
0,1e-05,0.01095680556890892
0,1e-05,-0.005913017123346714
0,0.012390893,0.039017378387787766
0,0.0062238915,0.03690565414315006
0,1e-05,-0.007222248788105005
0,0.0015420701,0.02243920043708053
0,1e-05,0.01726572206065341
0,1e-05,0.01124519844662323
0,0.0028384962,0.010837050679769838
0,0.9971087816,-0.015874445383223457
0,0.0104342529,0.01495558595838374
0,0.0672287831,0.026151031449375056
0,1e-05,0.024952713527934656
0,0.0153391954,0.011492062585471849
0,0.99999,0.01958279086493915
0,1e-05,0.0065885225038808184
0,1e-05,-0.018539554369982295
0,1e-05,0.12445320941537594
0,0.0120648822,0.09445755255819141
0,1e-05,0.014242488490067054
0,0.0013353328,0.04477514309061996
0,0.003747669,0.03111454949978104
0,0.0079950511,0.041096874236155156
0,1e-05,0.10074542577428947
0,0.020873083,0.10559339176725302
0,1e-05,0.060758415898088655
0,0.2122231914,0.07254662361765322
0,0.0016249977,0.12521540061247757
0,1e-05,-0.014993388477498811
0,0.3094036364,0.187155206720851
0,0.0011365155,0.026479328876991337
0,1e-05,0.020964626741168668
0,0.0074568717,-0.003967133680330526
0,0.0025138654,-0.003339195702473506
0,0.0038250405,0.09845062694550755
0,1e-05,0.10494412080016002
0,1e-05,0.0873152989583913
0,1e-05,0.08883264629280094
0,0.0577209205,0.09452440038346427
0,0.1075861996,0.07852489542448993
0,0.1264493415,0.07730171244952001
0,0.0172923027,0.06336408435218356
0,1e-05,0.14256343031222918
0,1e-05,0.017633715339126152
0,0.127907037,0.11049648823953206
0,0.0256442326,0.10070232722460618
0,0.0084417627,0.19250678766816262
0,0.0228694422,0.11336980535279159
0,1e-05,0.12386822942802439
0,0.0696439885,0.15419203855993685
0,1e-05,0.05427734520960947
0,1e-05,0.059749236475747855
0,0.0225349931,0.018362682960717608
0,0.0070848316,0.018961008195015977
0,0.0230477082,0.05247355944556556
0,0.0431816003,0.0435390521633373
0,1e-05,0.10397278555758546
0,1e-05,0.01603661491490964
0,0.0122285887,0.2872470221106681
0,0.0152054654,0.09455626953097851
0,0.0225993359,0.07961824142999724
0,0.0352302428,0.1012682490684263
0,0.0385894642,0.23814137460635001
0,0.0227952075,0.24618799011126444
0,0.0160989953,0.23646884581320662
0,0.0108901967,0.0919468865136028
0,0.0102150607,0.20575994779535514
0,0.0113723559,0.09419561723275188
0,0.0188164365,0.19132667006989806
0,1e-05,0.1771858757077282
0,0.01068781,0.036829065264377
0,1e-05,0.012834165381554644
0,1e-05,0.09307186546348561
0,0.0107882207,0.0703760364686215
0,0.2411344278,0.07612845189323636
0,1e-05,0.045996071717371995
0,1e-05,0.08946265001450138
0,1e-05,0.13493252464465727
0,1e-05,0.006899279360426579
0,1e-05,0.08679234765272781
0,0.0055269935,0.059113569303266736
0,0.99999,0.08130253964909373
0,1e-05,0.02734555380974113
0,1e-05,0.018377905128188918
0,0.0345118376,0.08877345607703069
0,1e-05,0.13297534795080926
0,0.1225832978,0.27473909692623943
0,1e-05,0.1152088390295129
0,0.0338922,0.17025690085131706
0,0.021455725,0.021047163669481922
0,0.032415297,0.07638755181206701
0,0.0006541762,0.10944418726555838
0,0.0178839347,0.12418427288605824
0,0.0158495534,0.11365550405176642
0,0.0021880023,0.12169007718251007
0,0.0303268072,0.3663295677230495
0,1e-05,0.11908300753898143
0,0.4931391821,0.12619363219687604
0,0.0342206079,0.22023650673909564
0,1e-05,0.03637727467217773
0,0.4259810601,0.23393237927255525
0,0.0331746576,0.16204446588864388
0,0.1326718507,0.028903321280369917
0,0.1334999965,0.02192999218329697
0,0.0526868624,0.22392905465878563
0,0.5517827169,0.1632350203594019
0,0.0077214031,0.13483303551724374
0,1e-05,0.04250867229886286
0,1e-05,0.0760405629566701
0,1e-05,0.2621311157806483
0,1e-05,0.11816114798406877
0,0.2632267972,0.19747879457815784
0,0.0174930279,0.4513531601480828
0,0.1218626615,0.2471278219749594
0,0.092311511,0.12301515848180714
0,0.0007169805,0.29955876000932014
0,1e-05,0.30229248061575686
0,0.1209535464,0.1024200120711024
0,0.0610212299,0.15041316433978624
0,0.009484764,0.0069300158228266795
0,0.6013633589,0.1094746954198032
0,0.0247678398,0.16209816458537377
0,0.0200235149,0.16394307591456997
0,1e-05,0.15498835543517536
0,0.0348294904,-0.022387530601343034
0,0.0255283483,0.06745086321199709
0,0.0057119512,0.13534275802098186
0,1e-05,0.03750129832263942
0,0.0028659362,0.06152163457655835
0,0.5390452162,0.13438893947332545
0,0.0214477413,0.1415567084082562
0,0.0418532509,0.12737350533358857
0,1e-05,0.2132772072494923
0,0.0173925546,0.23155253238702175
0,1e-05,0.003121048353615638
0,0.0884554058,0.09922189887634306
0,0.9722230187,0.08887414421228237
0,0.0491409655,0.19594520102584864
0,0.0169613561,0.013119736759851598
0,1e-05,-0.01022974925503297
0,1e-05,0.08071523234318304
0,0.5361890044,0.12560552988157747
0,0.1911075153,-0.0009124866431339668
0,1e-05,0.1205433572161616
0,1e-05,0.0331530451371774
0,0.4927179924,0.2137774300620948
0,0.2320398255,0.3513873648054935
0,0.0016322362,0.1222161773758155
0,0.1605161683,0.16232182966087322
0,0.1935269696,0.12948197406556156
0,1e-05,0.20570317793207274
0,0.0534916884,0.28780559006893447
0,0.2336734638,0.087750309249808
0,1e-05,0.032228183700251156
0,0.2152105192,0.1506922850111278
0,0.3425721353,0.2576285752013755
0,0.0143544262,0.12267584129296749
0,0.0202515077,0.11969862329477068
0,0.0012345364,0.1735383493406937
0,0.008330056,0.06091498511952376
0,0.0926556683,0.05272388595446156
0,0.5380695572,0.33980961483536076
0,0.0091560895,0.2101914712652266
0,1e-05,0.06551196340604495
0,0.004140214,0.12289708806991978
0,0.0049955134,0.1312962899226627
0,0.0128392668,0.12757404274219944
0,0.0336680945,0.24869039416000235
0,0.0219085817,0.13663099645495255
0,0.1590273482,0.23136866293254474
0,0.2753896251,0.24085833764921452
0,1e-05,0.03414063047331313
0,0.2511178765,0.11958794036069875
0,0.2205907168,0.2758109187254949
0,1e-05,0.20710558469991855
0,0.0200930487,0.11568579269492255
0,0.0347654707,0.10133400222350236
0,0.0201165327,0.2796642259327117
0,1e-05,0.2636799693696602
0,1e-05,0.20926074652186996
0,0.5247692628,0.10356603681223925
0,1e-05,0.1873809270825176
0,1e-05,0.2085148253227053
0,0.1717188529,0.0060792451740599995
0,1e-05,0.10293542093222349
0,0.0164588039,0.19496092824711597
0,1e-05,0.18732648096182006
0,1e-05,0.1383548129401734
0,1e-05,0.2629020679405737
0,1e-05,0.11911266191208705
0,0.0067727997,0.26546178677473176
0,1e-05,0.20905042510407637
0,1e-05,0.1710540100687834
0,0.0204230883,0.1748526428765556
0,0.0183689766,0.12638398372221601
0,0.0432386096,0.08498885314598895
0,0.5292580533,0.1112943444537002
0,0.0646190121,0.28304944116261355
0,0.0330243269,0.12431911405588755
0,0.0462291565,0.22333236964217232
0,0.1312526773,0.1301551283512533
0,0.0330309236,0.23141673129073634
0,0.0252840474,0.14813899414524778
0,0.0029946924,0.28778974923159784
0,1e-05,0.006147879109152279
0,0.0016840171,-0.0031331044918536596
0,1e-05,0.0029889994273198314
0,1e-05,-0.00603813757557118
0,0.015904384,0.21434405380073748
0,0.2093312662,0.1379367794964112
0,0.2970155782,0.11262347980823278
0,1e-05,0.09934285066358087
0,0.0096260609,0.12610014188643515
0,0.0678491365,0.6485639958691793
0,0.0128826694,0.23424068348188584
0,0.0844956526,0.1629778469491262
0,1e-05,0.032810146315932306
0,0.0339524017,0.2918658402350084
0,0.0479946416,0.1742871544782984
0,1e-05,0.3426590396192787
0,1e-05,0.12427998952319355
0,0.4983748223,0.14282452850541966
0,0.1711253162,0.1084427196652046
0,0.0035646087,0.14841568021647902
0,0.4819749348,0.24648846865320714
0,0.0393978136,0.15817733302108633
0,0.2282512324,0.18051951773303615
0,1e-05,0.10818068397415959
0,1e-05,0.12933595038381518
0,1e-05,0.10265564576051314
0,1e-05,0.08642203717808983
0,0.1153836741,0.1826875563444318
0,0.4321521311,0.1939046110100789
0,0.044718803,0.1391917313976814
0,1e-05,0.1689749680251581
0,1e-05,0.1207482873264234
0,1e-05,0.10202145576602706
0,0.0146786432,0.12643118209562812
0,0.2192189955,0.12412104777511565
0,0.5499132125,0.26082212902225355
0,0.0041541869,0.050562118345262946
0,0.0426735693,0.018715097434923944
0,0.2327742882,0.3430118247671796
0,0.1608446521,0.20186755600560954
0,0.1245102282,0.33894765053823894
0,1e-05,0.1413911184654301
1,1e-05,0.143844932518124
1,1e-05,0.0997668951929796
1,0.0741439219,0.19559321459074225
1,1e-05,0.20296027658415702
1,1e-05,0.12209651613936073
1,0.0150581085,0.2746486875949451
1,0.043279522,0.19087243071447868
1,0.0272902311,0.19023771200125647
1,0.6729445901,0.1717386126281371
1,0.0469760784,0.2919327369793705
1,0.0872955351,0.3046413762049258
1,1e-05,0.10984500666065772
1,0.0198520034,0.2631093242376593
1,0.0050499402,0.19199397212481809
1,0.0045934423,0.2055567413404686
1,0.0425939901,0.32632923929708046
1,0.2648635931,0.19630897679012627
1,0.1557303839,0.17424273221037012
1,0.1162019584,0.1831076026317946
1,0.0086491938,0.03348934692487078
1,0.0387892871,0.22360281581896926
1,0.1041073032,0.18355072958854332
1,1e-05,0.2671675108509788
1,0.3348017556,0.35523518748325544
1,0.1981202458,0.17384616563625394
1,0.0065834153,0.08756342362657404
1,0.172678227,0.19297324406848892
1,1e-05,0.089808680163847
1,0.1342610937,0.19356140458225857
1,1e-05,0.14599704888268078
1,0.1652901382,0.12103653375068885
1,1e-05,0.20573558399804245
1,0.1120483957,0.190170005263715
1,0.021970782,0.5084483262295353
1,0.1046655414,0.32178478902454244
1,1e-05,0.28432210391712287
1,0.0330448773,0.10485010719080123
1,1e-05,0.16245116382848526
1,0.2525595421,0.3354796104015141
1,0.6528557378,0.3577951838542409
1,0.0838294853,0.16227647420098473
1,0.0032308331,0.22433934261112545
1,0.0221446808,0.1372479838245352
1,0.0064767483,0.2315148624734645
1,1e-05,0.10865693391477585
1,0.01017697,0.03239479004639893
1,1e-05,0.006926508257177839
1,1e-05,0.10573194877133019
1,0.0081499968,0.10303341389799067
1,1e-05,-0.020177304132394998
1,1e-05,-0.0025881111080028885
1,0.0133936122,0.22433774236286305
1,1e-05,0.2000146883763719
1,0.0410955162,0.31353019751098676
1,0.031713906,0.09839015245244687
1,1e-05,0.19185282776584625
1,0.0014703139,0.40944404818297464
1,1e-05,0.28817011633338074
1,1e-05,0.054586031058523624
1,0.0001350136,0.2766286998026728
1,0.0219957142,0.0818095592301879
1,1e-05,0.03902242521455909
1,0.0595469355,0.08204726502503545
1,0.2372205328,0.17688995872186294
1,0.3445740719,0.14737009053725197
1,0.0371264557,0.13063079036465838
1,0.0029278803,0.13261504818705175
1,0.0296017788,0.2557658235198933
1,0.0297240358,0.26146847062715217
1,1e-05,0.22756767160211197
1,1e-05,0.004890833782052413
1,1e-05,0.14073324647064483
1,0.5070143626,-0.009400038112977988
1,0.0050152608,0.1909174060094288
1,0.0118693497,0.20661541463680447
1,0.0031913057,0.19004839393839026
1,0.0109972412,0.18687991730620082
1,0.0109972412,0.1885109398771905
1,0.0110039498,0.2128602102653425
1,0.0110090718,0.19261922149850058
1,1e-05,0.17461233605401377
1,1e-05,0.1949284061918579
1,1e-05,0.1698630060034908
1,1e-05,0.12626495695030868
1,0.0077581094,0.20999996469196283
1,1e-05,0.21044129226147676
1,1e-05,0.17326611720400534
1,0.016879569,0.13670255931994335
1,0.0077193487,0.163759150462586
1,1e-05,0.10127792633875901
1,1e-05,0.16686235302197475
1,1e-05,0.17453050029617942
1,0.0066246198,0.2262750100927363
1,0.0056120449,0.23621224893193768
1,0.6367714662,0.21248663965185902
1,0.0354072763,0.15754158611280428
1,0.8889132047,0.3412810351045118
1,0.0076230363,0.2676147211831975
1,0.0329703558,0.16600663558880197
1,1e-05,0.20560378435295837
1,1e-05,0.02483374791366616
1,0.0075565163,0.20448759938394168
1,0.0355080209,0.2775579228905998
1,0.0019752005,0.025053704330483817
1,0.0244163248,0.22634098064170052
1,0.0136674831,0.07963882683253745
1,0.0688171096,0.09089932935482276
1,0.0204896298,0.1854586318440803
1,1e-05,0.10434957151553736
1,0.0466454451,0.1657431290203227
1,1e-05,0.05376245109801174
1,1e-05,0.03942202858442638
1,1e-05,0.16075640356636403
1,1e-05,0.10554730498462767
1,1e-05,0.10243841766288356
1,0.5371329171,0.16126125502762892
1,0.0828326691,0.27553320617449917
1,1e-05,0.1352942126372238
1,0.0345014237,-0.01917464166649705
1,1e-05,0.1137569672559274
1,1e-05,0.12154098069186259
1,1e-05,0.19618566315979397
1,0.3812353535,0.2345990626478183
1,0.0191443724,0.09386957272041102
1,1e-05,0.15252038851332506
1,0.0006774342,0.16278171792491875
1,0.1036415909,0.16612924852384692
1,1e-05,0.16210582791573255
1,0.0007681642,0.1254228114437961
1,0.0014853482,0.10760278689473382
1,0.0330098511,0.13941516341212692
1,0.0098625667,0.11020732997037894
1,0.0517412874,0.28208345420981173
1,0.0212854311,0.1672868741806033
1,0.117530674,0.1740545705608084
1,1e-05,0.11535623658584682
1,1e-05,0.12187905877610411
1,0.0374155251,0.16763166846418023
1,1e-05,0.15364277541976062
1,0.1038995498,0.08010234045941694
1,0.0103071025,0.09471003552111534
1,1e-05,0.24308119288442778
1,0.9108472171,0.19519000742230413
1,0.1019219911,0.1304125325248244
1,0.0557177562,0.047364390110464685
1,0.0285426794,0.1336133862251692
1,0.0407591382,0.13599907932545258
1,0.4504367248,0.13111043690527113
1,0.0121418976,0.2056898224875023
1,1e-05,0.5409882149378896
1,0.0923303992,0.35606543934051316
1,0.0107011853,0.20185756711611583
1,1e-05,0.1094105795372832
1,1e-05,0.10656908237378096
1,0.0035030659,0.10093849747047615
1,0.0006090788,0.0033037467066328527
1,0.0020639447,0.01750183793943043
1,0.0298087628,0.2748870001595458
1,0.1179319218,0.18289185921479903
1,0.031979814,0.2263078914767608
1,0.3291392722,0.2643385001590427
1,0.1452190425,0.10676589321510804
1,0.0634116944,0.16818865762068336
1,1e-05,0.24341897672392596
1,0.0162831427,0.22869724965262636
1,0.0199420191,0.21795520594730192
1,1e-05,0.09974842056166883
1,0.0011879499,-0.0001715373599753961
1,0.1235891484,0.19910655777238123
1,0.0634435067,0.19022090354169355
1,1e-05,0.22458547829204958
1,0.172024622,0.27736959740003586
1,0.0224987361,0.16511721341028432
1,0.1024714431,0.3327025861347297
1,1e-05,0.11568591570800554
1,1e-05,0.11622007340201149
1,1e-05,0.11729490230753326
1,1e-05,0.20607782844021585
1,1e-05,0.1179318461271997
1,1e-05,0.10235812354048582
1,0.0057183656,0.15867888844153463
1,0.0536582529,0.0877239629417978
1,0.0505894963,0.0730351405024902
1,1e-05,0.07790657713646923
1,1e-05,0.25676285280761624
1,0.0557064404,0.31929216762835755
1,0.0162985096,0.3155488251239944
1,0.0114972021,0.20372259615843305
1,1e-05,0.10027207968347818
1,1e-05,0.12204119540133482
1,0.0240772072,0.22482191708286373
1,0.0171179172,0.23935350736409364
1,0.0261464643,0.20517851244342875
1,0.0745822607,0.16973553680424258
1,0.1314247376,0.11549781568325712
1,0.0373095086,0.22023726861979917
1,0.0317522017,0.24136456971169043
1,0.03544272,0.14367535300327608
1,0.0274313264,0.008592273159224326
1,0.0067432057,0.05622077931622911
1,0.6236604323,0.18917948596038933
1,1e-05,0.06276428902326231
1,0.0027696188,0.14342981926818116
1,0.0030002997,0.1574102938043194
1,0.0198912871,0.08596438524650299
1,0.1001875229,0.316110616341191
1,0.0246916922,0.22708167690935263
1,1e-05,0.09911703667007607
1,0.2438593566,0.1783727138541189
1,1e-05,0.1309842203064246
1,1e-05,0.10215335841614426
1,0.0537460852,0.19483203549184214
1,1e-05,0.04810835354399283
1,0.0003011419,0.2816442045526937
1,0.335281635,0.26521061436582394
1,0.5418076876,0.24779814451687163
1,1e-05,0.11476555034786626
1,1e-05,0.09008762866577597
1,0.5967493356,0.14342168344158432
1,0.6257813676,0.12646425431446837
1,0.1467698975,0.1361664580530809
1,1e-05,0.10754446071092078
1,1e-05,0.1343453758774995
1,0.2181822427,0.27606651311634
1,1e-05,0.14247382255144914
1,0.0324116156,0.14606868498937833
1,1e-05,0.17980637877027328
1,0.0504665201,0.10940656306428162
1,0.086503467,0.07522607397815671
1,0.0115405792,0.19974150793964934
1,1e-05,0.09920825426009311
1,0.99999,0.35730081067935293
1,0.3400838108,0.3648979626729122
1,0.99999,0.3627004319770013
1,0.0902877992,0.3604659127168689
1,0.5353585403,0.25557971617881947
1,1e-05,0.1757515539129979
1,1e-05,0.15583999181321456
1,0.00802964,0.12908740650900075
1,0.0518770618,0.17964082406059598
1,0.99999,0.2649762960475719
1,0.4288787905,0.24774603407428428
1,0.0098094753,0.22098123270246547
1,0.0433889157,0.21364842565540995
1,0.0430253527,0.22450414116918158
1,1e-05,0.15477539035362464
1,0.0201436873,0.15999511392892576
1,0.0061025835,0.1446464715622677
1,1e-05,0.21317410551411778
1,1e-05,0.13911051388277362
1,1e-05,0.1392166252277342
1,0.0236908411,0.14269875708363464
1,0.2218025224,0.17282899380018377
1,1e-05,0.12439536246505459
2,1e-05,0.17613458168481094
2,1e-05,0.17029251587535282
2,0.0544617921,0.17705178693117893
2,1e-05,0.104266097218078
2,0.0017569304,0.05781326463071185
2,0.0131407235,-0.007669602784599841
2,1e-05,0.2111049940769136
2,0.0123094754,-0.02855685638627665
2,0.3336684047,0.16345741889650175
2,1e-05,0.2684560645683084
2,0.0394260393,0.26741185580087135
2,1e-05,0.11280101784572202
2,1e-05,0.1215935044643385
2,0.0014757045,0.12654011613582236
2,1e-05,0.14568812903445677
2,1e-05,0.19794047451789
2,1e-05,0.13348802174284183
2,1e-05,0.17390498228514012
2,1e-05,0.14557046780889385
2,0.0093867034,0.2024620524316995
2,0.3192678609,0.22098457974687283
2,0.0814163072,0.28691715111931604
2,0.0617441956,0.2691181356437553
2,0.0063458292,0.25041048417824074
2,0.0354770224,0.24991717357040952
2,1e-05,0.10653480501572496
2,1e-05,0.18298352810571805
2,1e-05,0.09125501138569217
2,1e-05,0.08123858158738431
2,0.0120933507,0.09493565158542391
2,0.0304366215,0.21513497381130162
2,0.0445371797,0.343650277320227
2,1e-05,0.2067260084152107
2,0.017327318,0.217975326528118
2,0.0762563451,0.2184649102923921
2,1e-05,0.15336829126787183
2,1e-05,0.024646921256370816
2,0.1352993033,0.23058215744191854
2,0.0048221532,0.1760260552782715
2,1e-05,0.1726561022607521
2,0.7695173842,0.13049268937031658
2,0.019292346,0.16827022181578064
2,1e-05,0.08271972671298267
2,0.1621716784,-0.009654268661824901
2,0.0064819896,0.15458612869203503
2,1e-05,0.16551689544808093
2,1e-05,0.17280786217626276
2,0.001323081,0.16775935787940038
2,1e-05,0.03893887777793904
2,0.0290916575,0.12762818021568814
2,0.0246549238,0.12847740549588615
2,0.2925136404,0.27199307193678357
2,0.99999,0.25953063832608625
2,0.0183742051,0.27863999592362254
2,0.0054455994,0.23441288050903722
2,0.0119880898,0.17262263624486332
2,0.0735998223,0.2889111381398791
2,0.9390346159,0.3533034368650394
2,1e-05,0.235216492272785
2,1e-05,0.0603827212082534
2,0.0151176837,0.2947780089873594
2,1e-05,0.18900806131993073
2,0.8442044216,0.19332170603629492
2,1e-05,0.038248142521188716
2,1e-05,0.11429239604895558
2,1e-05,0.057911582499032666
2,0.0072768444,0.08044723871195428
2,0.097896615,0.15506129575667305
2,1e-05,0.03522192591822759
2,0.2514187442,0.25763039825659984
2,1e-05,0.14633243349843245
2,0.0067658331,0.3185234176060249
2,0.0465818687,0.20634824788757036
2,0.1116603272,0.21247566995059178
2,1e-05,0.2032387330071787
2,0.8820150644,0.3000754377819077
2,0.1904677603,0.1891118788337238
2,0.0444892622,0.0632422903461508
2,1e-05,0.14392236327410907
2,1e-05,0.13312422455149686
2,0.0010749507,0.17062645272467175
2,1e-05,0.1668607091083801
2,0.129482506,0.18421729471651435
2,0.0180703712,0.1556357989495327
2,1e-05,0.1708797952513418
2,0.005867264,0.1371448693441431
2,1e-05,0.0925015681024221
2,0.0456710131,0.24946070818288377
2,1e-05,0.16066567435400783
2,1e-05,0.16838901210362808
2,1e-05,0.11881043870720745
2,1e-05,0.10520955704392931
2,0.0012651469,0.1737254964610428
2,1e-05,0.13006151819284176
2,1e-05,0.10921984530153242
2,1e-05,0.05826600935906849
2,1e-05,0.13491369558785463
2,1e-05,0.22742363043607597
2,1e-05,0.21716102690316344
2,0.0443633353,0.04313759129355803
2,0.0272495262,0.07236205296700172
2,1e-05,0.04714108807052707
2,0.0410048717,0.19753023836055322
2,0.0333834637,0.19657127821528173
2,0.0349970872,0.1288637433210999
2,1e-05,0.194181407565726
2,0.0002706586,0.19101475831315437
2,0.2740968626,0.12175255889281117
2,0.99999,0.103862691935629
2,1e-05,0.06486349140739184
2,0.0188195816,0.19855839341813433
2,1e-05,0.13603615449066067
2,0.0425567801,0.38921534783173617
2,0.2385395985,0.15858231053825886
2,1e-05,0.03256862836957655
2,1e-05,0.13314412651270216
2,1e-05,0.16164839396683559
2,1e-05,0.05423624072748849
2,0.99999,0.11267798953268374
2,0.99999,0.034480278520177376
2,1e-05,0.21454178365987867
2,1e-05,0.11128432440564356
2,0.0116727333,0.23015073154908441
2,0.0614543521,0.2208259219649281
2,0.0603036356,0.3201810334792592
2,1e-05,0.1416262561174695
2,1e-05,0.14839953030780317
2,0.0183171988,0.34107542635070176
2,1e-05,0.2865778231293108
2,1e-05,0.3944675560324922
2,0.0134578711,0.044939509538860056
2,0.0131894789,0.03405056427714717
2,1e-05,0.02570013952871948
2,0.4113625078,0.2689270395411598
2,1e-05,0.07495117237578736
2,1e-05,0.1287083268021894
2,1e-05,0.1402506956027927
2,0.8637434999,0.19014314677146266
2,0.1125613258,0.18802293230830933
2,0.0104860155,0.3408219250092761
2,0.8160920289,0.2472267817305797
2,0.2696352655,0.21576608836822228
2,0.2306759005,0.20261627404091698
2,0.0032520404,0.19290050821794089
2,0.0430891404,0.19242436576839433
2,1e-05,0.1140859513851995
2,0.0536393928,0.2665061440516904
2,0.0165680417,0.25394728064751315
2,0.0105605273,0.18717659227571182
2,1e-05,0.18637549827382097
2,1e-05,0.18185806869448076
2,1e-05,0.2162026392261994
2,0.6815512652,0.22340453165078508
2,0.7567498674,0.24687310573844326
2,0.008559324,0.13664925772700612
2,1e-05,0.17500262231575492
2,1e-05,0.19608252813850047
2,0.0229100929,0.25384436302880675
2,1e-05,0.0020256972317063277
2,1e-05,0.01623687073652888
2,1e-05,0.21453779893811534
2,0.1226717063,0.08788756875802176
2,0.99999,0.08951555591828417
2,1e-05,0.4364365885522755
2,0.0147876664,0.06048090396054691
2,1e-05,0.06472796862953901
2,0.1708984195,0.2191239045695634
2,1e-05,0.16733396267872475
2,1e-05,0.17032404499704407
2,1e-05,0.13672668648982217
2,0.7865461129,0.08400207895983641
2,0.0119049112,0.14450173304157513
2,1e-05,0.20521103307662822
2,0.3932666801,0.33291179801014426
2,0.99999,0.18498658984753635
2,0.0275146175,0.1754210065567248
2,0.0162711155,0.2039941201210229
2,0.0293049067,0.19619007734031843
2,1e-05,0.11812759154783625
2,0.9786709027,0.15190069726784314
2,1e-05,0.04031971612238108
2,0.0133097795,0.25073356745305386
2,1e-05,0.15461367134458967
2,0.0093079831,0.11911245547165852
2,1e-05,0.1391105343892876
2,1e-05,0.1088274470946402
2,0.0169969889,0.08361410352661078
2,0.6103771895,0.2447981300443696
2,1e-05,0.30755512481196223
2,1e-05,0.31638385088966103
2,0.0366347132,0.17312022789634218
2,0.0082660977,0.18067756223210896
2,0.1456574703,0.1822302665984644
2,0.0324470327,0.31209281067618955
2,1e-05,0.08879537422505057
2,1e-05,0.20859274326044605
2,1e-05,0.19165915218587473
2,1e-05,0.0651869732562541
2,0.99999,0.2957369741318563
2,0.0115432093,0.2581232478850811
2,0.1058646252,0.37443991754327066
2,0.134571233,0.22528034030976155
2,0.3241834027,0.23242233546996574
2,0.0060376522,0.26272889906108643
2,1e-05,0.2664497720896506
2,0.0053545015,0.28003454234243996
2,1e-05,0.2787320336665452
2,1e-05,0.21471688157825505
2,1e-05,0.23318716917633378
2,0.0120976292,0.3160656450194691
2,1e-05,0.1581758476750336
2,0.0489752619,0.24079143563517894
2,0.0460408931,0.22594704791940037
2,1e-05,0.03535077678379525
2,0.0253182889,0.20688185151482344
2,1e-05,0.24630010731275134
2,1e-05,0.1817734274705796
2,1e-05,0.20471632364649153
2,0.3366204199,0.22503907787490537
2,1e-05,0.23767767465668607
2,1e-05,0.23712718088531745
2,1e-05,0.28448979211310166
2,0.0093662918,0.3041725091245493
2,1e-05,0.15969251623239394
2,0.6470009473,0.15064164718853826
2,0.6137540508,0.1920732059957585
2,0.0149008052,0.13306974319517725
2,0.0122289693,0.28387271315409157
2,0.0250458102,0.3541128321157345
2,1e-05,0.2637212038793829
2,0.1188201938,0.2310020221616472
2,1e-05,0.22872587770828204
2,1e-05,0.208560302710824
2,1e-05,0.1864324689991725
2,1e-05,0.16912578731004077
2,1e-05,0.18450923459238808
2,1e-05,0.3348903994096024
2,0.0015093022,0.0625473450394783
2,0.5948468834,0.184210497340486
2,0.0304481821,0.17668004451616645
2,0.0004267207,0.2421525998252924
2,0.0396459481,0.27864185036459443
2,0.0823142806,0.26370479669887126
2,0.6716256996,0.21955510676309667
2,0.0221763026,0.16025251409434238
2,0.0092757103,0.14327668926788276
2,0.0019311522,0.1866117842450248
2,0.0019501723,0.18048044560562182
2,0.0369953844,0.13297548305050463
2,0.0021333242,0.14344475489270228
2,1e-05,0.11219662753049028
2,0.0087829884,0.08739795555889579
2,0.5804312268,0.10241385248150964
2,0.5524635048,0.10178253573672458
2,1e-05,0.007152001968515717
3,1e-05,0.10523478228350716
3,1e-05,0.17445217718567357
3,0.1843614553,0.30919000455623025
3,0.005321055,0.14774047186410388
3,0.0888918491,0.2691033730639292
3,0.0363448019,0.020162146833861347
3,1e-05,0.040441313060748274
3,1e-05,0.10469300102211337
3,1e-05,0.10578650388997787
3,0.0915105321,0.15141626477276018
3,0.1349883146,0.14994679348089868
3,1e-05,0.03984751754806019
3,0.0011739808,0.04293456478947129
3,1e-05,0.18791976944684652
3,1e-05,0.16007896770721564
3,1e-05,0.20146869735904852
3,1e-05,0.21712084011091778
3,0.1014941901,0.2850768486978309
3,0.0943007413,0.3115047927369369
3,0.0468885745,0.28673379654876996
3,0.0469197931,0.29705268849978383
3,0.5597699798,0.2940439229461249
3,0.0323083861,0.2782669964368144
3,0.9770937921,0.31638175025969606
3,0.23779507,0.3159397884723145
3,0.7188691068,0.3343968282156867
3,0.2663597306,0.2278566082569132
3,0.0330109038,0.07566660832437534
3,0.0150550739,0.07625046343405771
3,1e-05,0.08580708692364822
3,1e-05,0.09622378133888176
3,1e-05,0.10263316269003497
3,1e-05,0.20649630797847904
3,0.0020317899,0.20173612059875576
3,0.0094514741,0.01836353790537032
3,0.0176709891,0.09272755648181982
3,0.1505756279,-0.005844175958814445
3,0.1625499939,0.252338333346788
3,0.99999,0.2536809243729887
3,1e-05,0.10160539258237081
3,0.0654504082,0.27716556015450666
3,0.8704487232,0.27390741820938547
3,0.0059588105,0.2630284291961763
3,1e-05,0.26275566519221316
3,1e-05,0.22022712365560257
3,1e-05,0.17321364959433305
3,1e-05,0.19423363671332558
3,1e-05,0.18141985770848956
3,1e-05,0.18015215861086564
3,0.1343706304,0.14560305872787446
3,0.2938074043,0.19238488116142746
3,0.1178381028,0.1886547193881322
3,0.9562627469,0.37704843973432245
3,0.6789810056,0.3848143837794059
3,1e-05,0.0339933603663488
3,0.0643319973,0.07026796693492228
3,0.0013032207,0.17685302097034647
3,0.0195356565,0.3210931724121664
3,0.0584568545,0.09421698820519828
3,1e-05,0.2098989953555934
3,0.5619900777,0.18971996081137663
3,1e-05,0.22057375997124248
3,0.8601260052,0.6702553079454234
3,0.3697326931,0.22981008212523665
3,0.0476909373,0.24536696731817828
3,0.0828834995,0.3440781239565913
3,1e-05,0.14199148026772515
3,0.0271507618,0.3143108480954583
3,0.028811898,0.3006746420000599
3,0.1060179011,0.31480299699248415
3,0.2803874591,0.25296856749004437
3,1e-05,0.20457564556837868
3,0.7684836748,0.11462536639879453
3,0.7041804657,0.1204292077579297
3,0.0093800551,0.2370006653627957
3,0.0295263564,0.04602790752529275
3,0.00562999,0.20252386363437516
3,0.0107778113,0.1995581010827602
3,0.020888557,0.20439260969855566
3,0.0102489996,0.20598613855909095
3,1e-05,0.22619127642022738
3,0.0301475195,0.2886071966477104
3,0.0291702133,0.28681451979835504
3,0.99999,0.3279599054556481
3,0.2930600899,0.30562926202752816
3,0.99999,0.24560480319145275
3,0.042364094,0.2097217181813725
3,1e-05,0.26444718040761783
3,0.0173613217,0.19322050066317603
3,0.0060078212,0.2525614374913133
3,0.0106537522,0.2485561586546058
3,0.8136469709,0.49521315471241745
3,0.99999,0.5147926283022984
3,0.1485544879,0.17283293692537413
3,0.99999,0.16876549239783992
3,0.999350284,0.16451164360655093
3,1e-05,0.278320475085051
3,1e-05,0.2433530868108653
3,1e-05,0.2303554720553009
3,0.007042713,0.2645702453269321
3,0.0026353467,0.08216402931516181
3,0.0019087856,0.06444006341897951
3,1e-05,0.1229962730076265
3,1e-05,0.06362574582265267
3,1e-05,0.05534765417591976
3,1e-05,0.04979066111945116
3,0.0254415567,0.21226570148143384
3,0.0244542435,0.20004172275033463
3,1e-05,0.17263668259127196
3,1e-05,0.14243915852874423
3,1e-05,0.22637000590211723
3,1e-05,0.14077321464682205
3,0.1408840191,0.3424446446097761
3,0.0059883262,0.05039028722461557
3,1e-05,0.06656600431902446
3,0.198018575,0.25056462184198725
3,1e-05,0.1819643241576823
3,1e-05,0.25472448100056233
3,1e-05,0.24218462015259593
3,1e-05,0.21204094012701516
3,1e-05,0.12915957745993537
3,1e-05,0.12845329925080615
3,0.0057949302,0.18067580439253902
3,0.0101107785,0.23776187292877018
3,0.0134068172,0.15320844922904936
3,0.0001856304,0.14918747766110424
3,0.017359052,0.14261585162765525
3,0.0318829188,0.11051220179085436
3,0.7776471883,0.296560650421279
3,0.0244651904,0.3084942364954959
3,1e-05,0.2573177069727476
3,0.4160145611,0.24650234280540625
3,1e-05,0.22840496803397994
3,0.99999,0.08871473784751283
3,0.4068985973,0.24313271538826273
3,0.2034504566,0.38442046663294094
3,1e-05,0.1171577814119035
3,0.0044696609,0.19662376943158597
3,1e-05,0.14659220019921626
3,0.0317176119,0.3773431416569635
3,0.0473387509,0.3673164424519212
3,0.4676778857,0.3308605778550242
3,1e-05,0.1896430130756973
3,1e-05,0.17896191787792146
3,0.0191869501,0.15555432109383813
3,1e-05,0.2141611131343367
3,0.9223444192,0.10274539084220749
3,0.0018247182,0.1465699698982342
3,1e-05,0.21179656846797076
3,0.0119481581,0.17923454458766036
3,0.0001706265,0.21143804077376502
3,1e-05,0.28521994259630745
3,1e-05,0.11249680862443576
3,0.0224076197,0.2946974245656345
3,0.3052421166,0.3472078462529675
3,0.9187935824,0.12090080937512229
3,1e-05,0.2017063150754162
3,1e-05,0.20384761560137507
3,1e-05,0.08136690376028388
3,1e-05,0.07405599455820479
3,0.0346249296,0.07053823230664223
3,0.02904469,0.0817904722730278
3,0.0266246557,0.06988516165485746
3,0.0088253069,0.10606737756731763
3,1e-05,0.10757347052140692
3,0.0094768098,0.269428964632934
3,0.3702462017,0.1880257093448585
3,1e-05,0.043820718812722106
3,0.1300007358,0.20377646040106062
3,0.3684620953,0.2727805171430875
3,0.0042520528,0.293600486322241
3,0.0524910605,0.627702859064841
3,0.6816524825,0.6357392421524232
3,1e-05,0.21428491552987242
3,0.0313790192,0.30446686776630594
3,0.5297299627,0.29491219730226326
3,0.5866187895,0.32131458321690853
3,0.0215513576,0.1511406182744511
3,0.4490463218,0.27016908957540353
3,0.9963642209,0.4086722233090112
3,0.1231157387,0.18566478420727126
3,0.99999,0.2089088178214973
3,0.0022749069,0.14596801140842278
3,0.3453289132,0.26452795691539466
3,0.1683614253,0.32283042916808924
3,1e-05,0.17968719485241244
3,1e-05,0.17358334747927143
3,1e-05,0.12658050689930514
3,1e-05,0.07360772368476066
3,1e-05,0.08496600043801025
3,0.99999,0.5709332986643627
3,0.5135437269,0.5665518761609496
3,0.0005413248,-0.0043650344228788746
3,0.6615952123,0.21735308105398635
3,0.0294655297,0.15558380761027127
3,1e-05,0.1561080990042506
3,1e-05,0.4610983211256927
3,1e-05,0.21831029136472171
3,0.2009516649,0.4104782393333797
3,0.4425049758,0.2980746014164102
3,0.7013446921,0.14220422291332718
3,0.7087270033,0.15847022472075237
3,0.6782307042,0.14129648702404207
3,1e-05,0.263225434635045
3,0.2822294996,0.22899668071984838
3,0.0022339335,0.21439530674216442
3,1e-05,0.2376999379309794
3,0.0019904654,0.03251603909623671
3,0.7265362985,0.14927134772093675
3,0.0508758308,0.1576941176765948
3,0.0129930497,0.17162603138153704
3,0.1131712148,0.21531351305301052
3,1e-05,0.24972916059669295
3,0.092549098,0.34380100353574894
3,0.1456357349,0.062369047008770384
3,0.6845788584,0.1068959380530275
3,0.6178269102,0.09057877122366642
3,0.675048111,0.25682279896019866
3,0.1825734512,0.25289108744498734
3,1e-05,0.2374349537597962
3,0.5269682958,0.2197669419958551
3,0.2605993257,0.23598701377214684
3,0.5290421998,0.2736921367403018
3,0.0567950856,0.3241673312031669
3,0.1812563198,0.35637558886478315
3,0.9779821541,0.1864838489944387
3,1e-05,0.2631725048070719
3,1e-05,0.25337896276060545
3,1e-05,0.25222623581697945
3,0.3809013963,0.26554932012197785
3,1e-05,0.1259657362764285
3,0.8490238599,0.23655905517693657
3,1e-05,0.13081865679893218
3,1e-05,0.26466136354242764
3,0.99999,0.2578818708685785
3,1e-05,0.26280602963960853
3,1e-05,0.26836241460829213
3,0.0122211847,0.2525334917746954
3,0.4428971676,0.23789499612405532
3,1e-05,0.23082026631036615
3,1e-05,0.24043014223083273
3,0.1979031434,0.2250036942595918
3,0.4586727207,0.32563223971690536
3,1e-05,0.28699944853219606
3,1e-05,0.31373971747874396
3,1e-05,0.3246090493052797
3,0.0342020392,0.11140106301122674
3,0.0034720593,0.22647514723134612
3,0.0027629425,0.22819625440737137
3,0.5837207183,0.2170340347470288
3,1e-05,0.038879888424528594
3,1e-05,0.1966952725532428
3,1e-05,0.21877187646499954
3,1e-05,0.10353087233355382
4,1e-05,0.08725223864844056
4,0.99999,0.19825185874512175
4,0.99999,0.21180157103026967
4,0.0746430612,0.3226672983638271
4,1e-05,0.181340128236732
4,0.0420424125,0.1712407299427406
4,1e-05,0.15561744695557778
4,0.0230132234,0.29455327365582784
4,1e-05,0.4368548664798967
4,0.0103100516,0.4499855256829236
4,0.0122040796,0.2953444265079298
4,1e-05,0.352091166767169
4,0.8210573362,0.3432149091270241
4,0.180144525,0.19913630855561176
4,0.9104124295,0.5254215520920583
4,0.0831775314,0.498729692039255
4,1e-05,0.3174085295147254
4,1e-05,0.27578132462314175
4,0.0009852469,0.10902217351528393
4,1e-05,0.3511044688033239
4,1e-05,0.1964945284538864
4,1e-05,0.19875073831336668
4,1e-05,0.19750682137812114
4,0.99999,0.2069390581708023
4,0.99999,0.20562356044234528
4,0.99999,0.017579188180760333
4,1e-05,0.13541608347408662
4,1e-05,0.13287192136413298
4,0.1315346333,0.40526701075620364
4,0.3575472724,0.39711186247441876
4,0.3407244963,0.26600872371823203
4,0.0383988528,0.10013730705503399
4,1e-05,0.15384947928063344
4,0.0561644743,0.22418945506722873
4,1e-05,0.21201971896743757
4,1e-05,0.17483515548426792
4,1e-05,0.1508869302023318
4,1e-05,0.2198774114190001
4,1e-05,0.2313236141783506
4,0.0140986191,0.3668849528782556
4,0.99999,0.13579131772584538
4,0.7505149774,0.16834393122101118
4,0.3497018883,0.1409244981549264
4,0.0675004918,0.12203966982873513
4,0.2712423102,0.2206287976815259
4,0.4867319609,0.2902976841562346
4,0.085392747,0.36191341344925965
4,0.0280829055,0.3561951821312471
4,0.1789987037,0.32844156670440783
4,0.3606131886,0.1989344005135324
4,1e-05,0.12827768159575653
4,0.596063188,0.42036570819742314
4,0.0269131589,0.4156859648243012
4,0.1072643611,0.13211350820292303
4,0.99999,0.37123022253062754
4,0.8348895595,0.3952825686960363
4,0.4079314137,0.368875411219154
4,1e-05,0.2757567513569833
4,1e-05,0.3423768563742413
4,0.3622866292,0.24240587330637095
4,0.5255834131,0.23896731027516901
4,1e-05,0.3109374277511905
4,0.0079514501,0.06571803384933157
4,1e-05,0.4956378276184248
4,0.0360488288,0.47394383505685267
4,0.669078181,0.48594472961145163
4,0.4384575992,0.35210865230940547
4,1e-05,0.012742012498913713
4,0.372516341,0.26538009215700054
4,0.8538664027,0.33183746199060316
4,0.0282383216,0.3356037185191759
4,0.5513198752,0.33385866968206024
4,0.2717449728,0.7325592048357117
4,0.9083307695,0.7000820564469104
4,0.994615011,0.46457911878829894
4,0.1489951472,0.4843375621268775
4,1e-05,0.46882529167706966
4,0.3505346656,0.3587269321088622
4,1e-05,0.20443055695717266
4,1e-05,0.18508290639231473
4,0.35395957,0.24035918180770918
4,0.439025194,0.27456010553024446
4,0.99999,0.4966066836674369
4,0.5655116908,0.46855920091569303
4,0.76331403,0.4670496527989664
4,0.375817349,0.1944911066573162
4,0.0814324815,0.18342799133128246
4,1e-05,0.13431029249741602
4,1e-05,0.1350558376387186
4,0.0858128633,0.32789423612076196
4,0.211847285,0.3357000568874424
4,0.0212949844,0.3059289328232212
4,0.0089743141,0.32703883373043596
4,0.6976977789,0.241170941267048
4,0.0288563902,0.3051100249418939
4,0.422160993,0.30053862248716234
4,1e-05,0.3509360582908768
4,0.8468797496,0.07716064727580016
4,1e-05,0.2584643529942736
4,1e-05,0.2668589448067239
4,1e-05,0.17673846769160592
4,0.3464730081,0.2831386182240704
4,1e-05,0.19849352576224183
4,6.30917e-05,0.057404082148398664
4,1e-05,0.0689666519663675
4,0.3428712305,0.3712547275942366
4,1e-05,0.2949860862235786
4,1e-05,0.04447843166720787
4,0.4421581764,0.36401756150400333
4,0.428934022,0.30677192554240285
4,0.2572185799,0.28135538414746664
4,0.0321308127,0.258470033479854
4,0.6918361823,0.24517638234836145
4,1e-05,0.09600411577087575
4,0.0090688813,0.33370091549111447
4,0.0540957822,0.3089439205308053
4,0.99999,0.12174396783987626
4,0.0883623119,0.14665321597769945
4,0.3477751481,0.1947661093070002
4,0.0120926431,0.2906009729551069
4,0.5045279819,0.21373500682007687
4,0.4798669176,0.20018412604689556
4,0.4124918326,0.328923858606723
4,0.2255968061,0.3274577935375659
4,0.3071183381,0.1925383346711347
4,0.0057463984,0.29395530570269646
4,0.0093359427,0.2774093656542339
4,0.6697097077,0.42167584250626133
4,1e-05,0.058083824300846146
4,1e-05,0.14849608752692117
4,0.0544501835,0.15905544513728043
4,0.99999,0.16809453091223966
4,1e-05,0.2400309851748754
4,1e-05,0.23984969213337318
4,0.0032417669,0.18993914175328594
4,0.0873404365,0.315425895096353
4,0.0018476645,0.22053587182456877
4,1e-05,-0.013657604333254685
4,0.2854516594,0.21611471439085303
4,1e-05,0.45382029501172794
4,0.5492567438,0.2674484020980705
4,0.0157902443,0.23166409449599043
4,0.4123498361,0.27210771028202774
4,0.5127183827,0.3259981633576726
4,0.99999,0.33102781377431145
4,0.5106444223,0.35329059852517497
4,0.6644516363,0.24970888211287542
4,0.5282528408,0.3353685514326942
4,0.4738180856,0.26700904812170034
4,1e-05,0.2341798565623782
4,0.0592839586,0.22881319330229508
4,1e-05,0.09941263731324046
4,1e-05,0.19980306136533788
4,0.2446118122,0.3708622773262922
4,1e-05,0.11333985954224737
4,0.0035413615,0.3076245143026134
4,0.0821424569,0.27639051845472173
4,0.3144755365,0.24352111694657716
4,0.0781979448,0.04919823472976356
4,1e-05,0.04428872199826543
4,0.4415548257,0.3830648764831024
4,0.7921727154,0.3118002797023576
4,0.6483319229,0.21330741373918224
4,0.0233502434,0.15201061863629833
4,0.0301846257,0.22139794285726774
4,0.0243282612,0.22452377959666062
4,0.0045532624,0.34224236853036094
4,0.0268284912,0.3318151491629252
4,1e-05,0.3209899865066469
4,0.048075537,0.32715279293920485
4,0.0212087863,0.3051896580042228
4,0.0092390069,0.2488411096962879
4,0.0132798524,0.23733740369228798
4,0.5936126186,0.34885621932016975
4,0.99999,0.3307785968404935
4,0.99999,0.3347932974732798
4,0.99999,0.34536635577718344
4,0.1826906241,0.34171292165400813
4,0.0135013347,0.21328900373438983
4,0.0118435522,0.11738785276275812
4,0.8744004538,0.3006815626732541
4,1e-05,0.3050115465165625
4,0.9674808749,0.2937416578167087
4,0.0023296594,0.23882995603083637
4,0.3355091935,0.41309743108611285
4,1e-05,0.30906254600632066
4,1e-05,0.3226322526467784
4,0.1076313834,0.17246893215747022
4,0.0832620602,0.13021669252469553
4,0.1353000736,0.13239757237512578
4,0.5516333159,0.30171535850168807
4,0.0676555428,0.3422028267529349
4,0.551332382,0.27011417374867563
4,0.0009604014,0.13734865998138987
4,0.1339382117,0.34506431059656617
4,0.1983093536,0.29024003597907055
4,1e-05,0.2528861315388521
4,1e-05,0.2436806058401588
4,0.3855466973,0.2585021945399404
4,1e-05,0.2527475918341028
4,0.2203873628,0.2447986912282197
4,1e-05,0.28413412013998074
4,0.1102376988,0.2943602196243429
4,0.0063066404,0.10141646569444479
4,0.00326058,0.09269206539090791
4,0.001217933,0.09068436576251424
4,0.0101823908,0.026263701339325915
4,0.0262502177,0.026595549689355832
4,0.1483404324,0.2773517012992386
4,0.5339806004,0.274878297879636
4,0.1685773339,0.20032699959483355
4,0.0412122916,0.19505803882391634
4,0.0471532602,0.1907196315919623
4,1e-05,0.1298744430310018
4,1e-05,0.28093475940470225
4,1e-05,0.28542935637164757
4,0.5387201404,0.17334793993699238
4,0.0682286443,0.18240021466121717
4,0.0020535236,0.18422660126888887
4,1e-05,0.18635455702009168
4,1e-05,0.22578860176328977
4,1e-05,0.23044876466265787
4,0.4164004249,0.24998050823369736
4,1e-05,-0.006525694082908297
4,1e-05,0.21835723855031322
4,1e-05,0.2206462105045631
4,1e-05,0.21087426729630607
4,0.0093549958,0.2583956445980523
4,0.00195287,0.25706118195443983
4,0.4652374111,0.20173489642005063
4,1e-05,0.2104784944401463
4,1e-05,0.2538604179227463
4,1e-05,0.27580276103508927
4,1e-05,0.016628162285966884
4,0.1576275448,0.3523747522463555
4,0.9608419194,0.26609355603296725
4,0.3209765681,0.2614473019742506
4,0.0643394951,0.1705672986825997
4,0.3486034905,0.1819058637707858
4,0.0568989239,0.23689901064590843
4,1e-05,0.20827358804790094
4,1e-05,0.25065525547601886
4,1e-05,0.2573509770603579
4,1e-05,0.20576329990873352
4,0.0406049305,0.19699277246413643
4,0.9876956649,0.19496283394138095
4,1e-05,0.14145522370256927
4,0.0112916473,0.36365836927208117
4,0.2610682464,0.30508316948298686
4,0.99999,0.2142426693523475
4,0.4587837715,0.22086375385064674
4,1e-05,0.20611755166978338
4,0.4836649923,0.15840485094751178
4,0.9930468477,0.3078681099299927
4,1e-05,0.3071489696986103
5,1e-05,0.15212238553353247
5,0.4270273734,0.2846457406357654
5,0.2031580305,0.3190450924451689
5,1e-05,0.3122584064608338
5,1e-05,0.31850690792108416
5,0.0503579654,0.30516736565413694
5,0.0270784408,0.30370691796860205
5,0.0234034254,0.33117319245989507
5,1e-05,0.3225519722783563
5,0.0170390572,0.3209856449017202
5,1e-05,0.3396165957699169
5,1e-05,0.3311893658828371
5,0.7690873081,0.3361403964245365
5,0.9711572598,0.31790337959171455
5,0.0550351281,0.22057431300526484
5,0.237891472,0.29345659094536547
5,0.4109603452,0.13425463691945663
5,0.0335136927,0.3055336205028315
5,0.0040686151,0.22305971235076336
5,0.0256770048,0.11665860262341479
5,0.0061752054,0.10552429460480689
5,0.9983070803,0.5956733855324723
5,0.99999,0.6241348908376025
5,0.4283084083,0.5862813894033241
5,0.99999,0.5540610278999557
5,0.8637390661,0.5475349191380791
5,0.0043727997,0.2775057933341577
5,1e-05,0.2248575787695862
5,1e-05,0.08753886204825709
5,1e-05,0.28008702332881674
5,0.1671657149,0.11306264361202592
5,0.7606107913,0.14920947487969796
5,1e-05,0.036638246753722556
5,0.99999,0.3226594232221549
5,0.6247946121,0.312979676085287
5,0.0041883233,0.15791833894534799
5,1e-05,0.031596548214765624
5,1e-05,0.2610157342782966
5,0.0069200131,0.42030078630617385
5,0.575632682,0.3205033665883349
5,0.359940972,0.38309802787064706
5,0.4176801986,0.26628199832419
5,0.0155307877,0.25412774903081337
5,0.0067756996,0.10473599446249543
5,0.0233151487,0.087841981817559
5,0.0238537704,0.36426784191731065
5,0.0736566305,0.36476891913228304
5,0.4664948763,0.4006304981253892
5,1e-05,0.2581084287689802
5,0.3717969425,0.3929534116458492
5,1e-05,0.1427230506035536
5,0.0035996996,0.1043859011313264
5,0.7864669096,0.22352183472890622
5,0.0216132973,0.2235636346671738
5,0.0195509615,0.22612533989621883
5,0.9779450385,0.2838494644532181
5,1e-05,0.24200022803859747
5,0.139548591,0.2683417890291231
5,0.0356567819,0.21024409199871405
5,0.5501074303,0.4485411559787633
5,1e-05,0.19415654996374695
5,0.9992242556,0.41412680252607226
5,0.99999,0.4199724079447096
5,0.99999,0.42351417957862225
5,0.99999,0.43161574584329243
5,0.2807849112,0.4177811909686572
5,0.951640783,0.3846188006456692
5,0.001299512,0.29447552584144054
5,0.1510712693,0.2975710644320826
5,0.6921708966,0.3808600811979145
5,1e-05,0.1708838572251289
5,0.8970478542,0.24042204996348135
5,0.8206057914,0.23470285318165732
5,0.8029858227,0.09153210690179991
5,0.0860629358,0.18947758030147596
5,0.7484082228,0.4031334027679069
5,0.0507321953,0.1162692552010271
5,0.2244065286,0.3968589702149098
5,1e-05,0.3693908528137875
5,0.6272465374,0.2785379615527307
5,0.99999,0.2739922382570289
5,0.9639471682,0.2715332162235906
5,0.8727517448,0.2521326066205236
5,0.2738114276,0.2118582818356116
5,0.0206861533,0.2982764103368163
5,1e-05,0.3177443840395735
5,0.3830702458,0.2794984363869739
5,1e-05,0.34807551444537144
5,0.0301070427,0.24967062450908376
5,0.0723271946,0.3348479086048973
5,1e-05,0.6477493643551178
5,0.0411250431,0.28345473909603225
5,0.0050271008,0.2925243177414524
5,0.0475781244,0.25308621026906464
5,1e-05,0.2138426037844112
5,1e-05,0.22294101575014771
5,0.6902217653,0.4470766904252801
5,1e-05,0.23200534829059707
5,0.0070629027,0.24737044510524228
5,0.465769303,0.18029022020483884
5,0.99999,0.19669390757271882
5,0.7204182146,0.1878873346881644
5,0.0071203443,0.27242237279720205
5,0.0478836267,0.2593822522949819
5,0.0041452043,0.2744987816388951
5,0.003951152,0.3471147351001923
5,1e-05,0.27937991300109577
5,0.0715227716,0.22970250651161925
5,0.5601485466,0.23817910627019037
5,0.8564041127,0.3350310448091356
5,0.8508334903,0.3241724210532996
5,0.2517619266,0.21904243457675235
5,0.1218318281,0.22454251477289708
5,0.0065903063,0.22932052055012406
5,1e-05,0.2391596954334694
5,1e-05,0.19180462175468152
5,0.4387105397,0.15750696587291144
5,0.0227004518,0.23635784060337747
5,0.0098578391,0.1634214530418176
5,0.3464383995,0.3107602298303632
5,0.1037518619,0.3793024315681428
5,1e-05,0.3614830967798345
5,0.1224689822,0.37065933513940996
5,0.0318459573,0.11607788289278045
5,1e-05,0.14417997757186088
5,0.3946102253,0.4070438351165443
5,0.4154470635,0.4528835805145742
5,0.470077417,0.42843739329580544
5,0.1247728287,0.4255999525610187
5,1e-05,0.2877181515115286
5,1e-05,0.31306471334735586
5,0.9802433322,0.2485461913618405
5,0.99999,0.2550266674991878
5,0.4067614447,0.2576034523863553
5,0.6032674497,0.32143047624665233
5,0.1925589822,0.30522546953713214
5,0.4861139196,0.25950134483537324
5,0.0191020479,0.37310261312340154
5,0.0966372754,0.36550367649014714
5,0.0060124635,0.32987220303347364
5,0.3528632012,0.3105853085580047
5,0.9614692227,0.5571904145646372
5,0.0246460729,0.2681531580008403
5,0.398943099,0.4626943968152275
5,0.5195198349,0.24008274032487562
5,1e-05,0.25994788594294516
5,0.4550752191,0.24342621203331258
5,0.5244566762,0.0675503624445801
5,1e-05,0.13481665915939053
5,0.9728244522,0.2782576953535987
5,0.0719269695,0.18083294365173114
5,0.0738025473,0.2093604905368283
5,1e-05,0.21976614590182322
5,0.105392698,0.3929809371723424
5,0.0887257631,0.3088824968804419
5,1e-05,0.3569105131017747
5,1e-05,0.37450240563952675
5,0.2947603365,0.32178902325252057
5,0.4899655728,0.324525295309982
5,0.7501276716,0.44065973032615413
5,0.7535028148,0.2693091159337041
5,0.99999,0.275274503202102
5,0.2391839838,0.2893822721881292
5,0.99999,0.29871478030455956
5,0.0616903729,0.07662630944391587
5,0.8750426035,0.15514321089279662
5,0.0504644049,0.39481326459298516
5,0.8346523475,0.40280226706181077
5,0.3174856399,0.322399043789348
5,0.0436649037,0.29975856211467045
5,1e-05,0.31028015882830495
5,0.4359348122,0.3227233727456016
5,1e-05,0.24158698525844138
5,1e-05,0.24114654990164383
5,1e-05,0.09946391179412509
5,1e-05,0.07485659190028197
5,0.4472092975,0.3233954006898573
5,0.9400963575,0.3857970654063515
5,0.99999,0.3665789610398038
5,0.0505713573,0.37175862074896704
5,0.0170700754,0.15421500737816243
5,0.0166024405,0.17286190120708553
5,0.1948948708,0.3611341018151816
5,0.0248308478,0.24164794053819935
5,0.99999,0.360621382860032
5,0.9731618261,0.3395332402297392
5,0.99999,0.44356790128498635
5,0.9951801382,0.2969227579335679
5,0.6491532588,0.30153275470690255
5,0.99999,0.29763886517879856
5,0.1943896139,0.30164599147372106
5,1e-05,0.035545761027027015
5,0.0274357982,0.004068109912478947
5,0.387924307,0.2906825128971364
5,0.4968363685,0.41232833723870554
5,1e-05,0.2617581603171053
5,0.1489913775,0.2385393970187896
5,0.1924725821,0.3245561009243061
5,0.7427382398,0.1608619121044245
5,0.7450565598,0.17489229565533443
5,1e-05,0.34256617411416
5,0.0049023806,0.2831799071585397
5,0.99999,0.30041699007487155
5,0.0843920388,0.3182809353447412
5,0.3172630518,0.2877304271584489
5,0.8917116579,0.28549331834700353
5,0.0743024484,0.4088567023013643
5,0.0837397048,0.26743835505095803
5,0.0446062628,0.3147772681621235
5,0.0233836895,0.15067805930189726
5,0.0282892253,0.1648599216435487
5,0.0280089344,0.1668317329702548
5,0.0413135767,0.11473603830654638
5,1e-05,0.10602155875051539
5,0.4166207216,0.29264586838090434
5,1e-05,0.30967780939259393
5,1e-05,0.45771559027462305
5,0.0480292041,0.22261572789600279
5,1e-05,0.2924311649551923
5,0.0091621067,0.182773238450512
5,0.0020071258,0.31733119161744994
5,0.4081985768,0.48980486434839365
5,1e-05,0.1786382205799096
5,1e-05,0.2671294632024578
5,1e-05,0.25722932350963656
5,0.3227151447,0.2966438755916453
5,0.2868222386,0.247715424880995
5,0.0016704569,0.18202293914539572
5,0.3252424495,0.27481018126003576
5,0.6319568719,0.26051753061632055
5,1e-05,0.37318377061027297
5,0.4173750588,0.3870847345732966
5,0.4850710114,0.30294069032492776
5,1e-05,0.2547688054351751
5,0.9045721627,0.2670619547186919
5,0.3852571826,0.34314202151482653
5,0.3426647217,0.2786543602716901
5,0.0044211983,0.09893610388243596
5,0.0044273237,0.10818841703763293
5,0.0268917454,0.39844819673662446
5,0.4518768756,0.39198571622996436
5,0.0663569193,0.29057432129228233
5,0.9946899551,0.39826725229791504
5,0.0493746118,0.4020479826471708
5,0.0195627402,0.16415443539389976
5,0.0105408455,0.15095406501576672
5,0.0361549556,0.3147090650644728
5,0.0060137202,0.1249830378417926
5,0.3535522522,0.3032038812153295
5,0.7269308067,0.30474932670543775
5,0.0115949353,0.2957832550224929
5,1e-05,0.2546213410329833
5,1e-05,0.24196289530250778
5,0.99999,0.3025937835172968
6,0.1225668662,0.27872829681964684
6,0.054787582,0.28838692061803384
6,1e-05,0.3023102473194299
6,0.0559473569,0.35256757120305426
6,0.9358863721,0.4006202165026501
6,0.2466917399,0.3445646668681024
6,0.6746928371,0.4137484141212464
6,0.292201594,0.48671056046935923
6,0.0415277434,0.3517371642127476
6,0.4064021384,0.3928071254002815
6,0.4411993641,0.36974833092191883
6,0.0514203042,0.22509466306276973
6,0.062831951,0.22857498937093676
6,1e-05,0.18807701070372748
6,0.0056597233,0.35968979733634354
6,0.0011246268,0.2904861299392908
6,1e-05,0.2227093804365963
6,1e-05,0.25216149726324055
6,0.0477216795,0.34198034128576416
6,0.007003002,0.40442154267675534
6,0.3299090588,0.4048001710699034
6,1e-05,0.03592366400820239
6,0.051068117,0.05490499843004451
6,0.0058656808,0.4801480659616886
6,1e-05,0.1538333384664048
6,0.99999,0.02299442260790034
6,0.1098296747,0.24138198094104754
6,0.0235827951,-0.006755084785542702
6,0.0236406759,0.022412665894384745
6,0.2067017619,0.04901352046787595
6,0.0274495835,0.2603393938578531
6,0.6536146429,0.2226250357682584
6,0.0412440799,0.21578675191629973
6,0.8669048219,0.2720858772691809
6,0.2087116018,0.22929067750828977
6,0.6122285163,0.22812063789827566
6,1e-05,0.12578644084869056
6,1e-05,0.12036748399253921
6,0.2175950142,0.3610743655313482
6,0.6300032273,0.294998737901493
6,0.99999,0.10766355454001902
6,0.4564553304,0.13244536912733013
6,0.2102815733,0.4248545302042068
6,0.1321488504,0.3309533410193718
6,0.5463763342,0.359612380706528
6,0.0361159266,0.15632114632166375
6,1e-05,0.2854942726186923
6,0.0202324256,0.23046482054048203
6,0.0065498204,0.2513057248436191
6,0.9554688628,0.3611057186309401
6,0.99999,0.43832427984119393
6,0.498958409,0.43942683210718947
6,0.6374717622,0.19321618324127138
6,0.0042150379,0.20198557767255054
6,0.0125920886,0.2122229898890954
6,0.0287678952,0.223359667807165
6,1e-05,0.2749245258734765
6,0.99999,0.14579584220914518
6,1e-05,0.061322173005374334
6,0.6066076615,0.5124501436758796
6,0.9851774663,0.2914676699761073
6,1e-05,0.23472357012462705
6,0.9001081941,0.2635626284168481
6,0.6410354316,0.3671728690516447
6,1e-05,0.21218929399979355
6,0.3066369049,0.47378318368593075
6,0.0009615318,0.45868435676863595
6,0.5923644569,0.3909006116201714
6,0.0360100117,0.3136949750036706
6,0.0040107777,0.329739875201999
6,1e-05,0.33764524567013743
6,0.4262780423,0.4393246758999654
6,0.2296793784,0.5806710212056402
6,0.1111597892,0.17612832789521285
6,0.4420032347,0.3162634648697824
6,0.0085298897,0.4277052448645843
6,0.3140546479,0.4416852749829393
6,0.9000939872,0.30256733564689964
6,0.7094596729,0.31463580422907833
6,0.099571924,0.29492877504741266
6,0.9928084147,0.04951520817441146
6,0.4296130401,0.04629008511587823
6,0.9179582512,0.6284250157634305
6,0.0101485968,0.39373868787340105
6,0.0076506375,0.3893452501510031
6,1e-05,0.30517768929848355
6,0.017228512,0.2618622859288221
6,1e-05,0.1167384709232259
6,0.0695597876,0.293293510447886
6,0.6023611755,0.7002960971388206
6,1e-05,0.356900765987999
6,0.0230000008,0.12331786207288367
6,0.0202450798,0.27237027081748966
6,0.0964160543,0.273851993859062
6,0.4793850532,0.25423302299382466
6,0.073386935,0.3524146485175733
6,1e-05,0.27938594235488223
6,0.6879207306,0.20930383073520678
6,0.051060313,0.286598117563053
6,0.5448583058,0.2980270289858753
6,0.5774453578,0.4058359130467809
6,0.0594519879,0.26719468538775437
6,0.0567607025,0.3932983038668677
6,0.50319308,0.5180491181780262
6,0.2550608203,0.4009682121117486
6,0.2498008467,0.39820749381069465
6,0.0594406326,0.33242300412645187
6,4.82688e-05,0.11512967019943929
6,0.4210483627,0.2723978018648965
6,1e-05,0.20223884400645087
6,0.1109229857,0.2798276559334102
6,1e-05,0.062120733124263694
6,0.0407563257,0.26471347461836114
6,0.99999,0.38763049153909546
6,0.2539117927,0.4686612590720324
6,1e-05,0.2728596072276519
6,0.0226009073,0.2793611493889624
6,0.6452842758,0.3097615639209831
6,0.99999,0.4144432374215491
6,0.1926936531,0.4139948185836033
6,0.99999,0.4108839012340657
6,0.112280439,0.4206359392147294
6,0.3978541192,0.34794450584347336
6,0.4598994616,0.30566318835145123
6,0.9554243208,0.4359943900351134
6,0.0788953885,0.381735094795128
6,0.99999,0.11366066049738405
6,0.99999,0.1229224936509514
6,0.99999,0.5425222007012359
6,0.5397971759,0.5362158536122852
6,1e-05,0.2190155036980634
6,0.295537238,0.35239644148247684
6,0.7586592557,0.357703921454404
6,0.4774375646,0.3214282261915876
6,1e-05,0.23531906865264027
6,0.5290829788,0.3368975559695818
6,1e-05,0.3663332626391512
6,0.2769512845,0.3173046258992892
6,0.3386822302,0.45111489420507445
6,1e-05,0.19116714810343885
6,0.5196685936,0.18123092553109363
6,0.0028235675,0.2643775456309755
6,1e-05,0.2603554370984619
6,0.0443466764,0.15195073595301448
6,0.0334708167,0.14749877874686468
6,0.1944730011,0.363651553929381
6,0.006198334,0.3877944582595818
6,0.060636177,0.3233586651431165
6,0.0765004039,0.33720607870406916
6,0.060065665,0.33513494183617865
6,0.774675442,0.34781085893369834
6,0.0122338304,0.42876439094066565
6,1e-05,0.4380352645826935
6,0.1328176272,0.2612491902095939
6,0.1305636826,0.10761871871510362
6,0.1117694295,0.08935869821398384
6,1e-05,0.32344056945468413
6,0.2484330616,0.3593146252247529
6,0.0220375781,0.2580854329073837
6,0.0250810126,0.28035718830219947
6,0.0316827613,0.28089510569887743
6,0.99999,0.3252481384585112
6,0.5732388484,0.42608660822240607
6,0.7395551328,0.540784784291168
6,0.3937494162,0.5202241140288236
6,0.99999,0.5481843447059362
6,0.4683436477,0.5550258393399331
6,0.247408735,0.30264114758854677
6,1e-05,0.29118145924745187
6,0.8911681616,0.055145238186878456
6,0.0206024195,0.2272960395001817
6,1e-05,0.15127544415606725
6,0.000610503,0.294432626361386
6,0.2444397231,0.2845078994585869
6,0.1480451384,0.3216880127436239
6,1e-05,0.17117653501528798
6,0.0034708261,0.36901454023680025
6,0.9200531232,0.3793608590551787
6,0.2865486537,0.22118411178083927
6,0.3061611177,0.30843006276692675
6,1e-05,0.24825497782672215
6,1e-05,0.25440791515508254
6,0.99999,0.29276203913532983
6,0.99999,0.31722751908632496
6,0.5962649468,0.35597278233373364
6,0.015781753,0.3638512443962102
6,0.99999,0.4241141968773019
6,0.99999,0.2823002855060829
6,1e-05,0.02312758870359656
6,0.1869833635,0.2711786547381715
6,0.5721253938,0.25779883074289545
6,0.4628290012,0.626796894257629
6,0.99999,0.23811047381101744
6,0.171969489,0.23213675706070588
6,0.99999,0.3095107749827254
6,0.4642036192,0.3267902677022717
6,0.2407518381,0.28653807644906215
6,1e-05,0.229722484647553
6,1e-05,0.24144462848692802
6,0.006256876,0.442851322910889
6,0.010846181,0.4533940702971978
6,0.5026714691,0.4543934758604886
6,0.6464237358,0.3929812138986556
6,0.4533852328,0.5102409861214592
6,0.0003460471,0.07027635355634264
6,1e-05,0.04912968823268929
6,0.99999,0.42266253045604896
6,0.8921639366,-0.020497243920781904
6,0.8350491107,0.3368441942811572
6,1e-05,0.2785810792236364
6,0.5873225209,0.38396260815467687
6,0.0553714568,0.30504323103747377
6,0.4770203381,0.31652164808870953
6,1e-05,0.2995854900204763
6,0.8653709162,0.054467197659620464
6,0.8652139136,0.07424808995196182
6,0.2851366218,0.24004228815006082
6,1e-05,0.2347528878918617
6,1e-05,0.2367919498209767
6,0.99999,0.3370868079898367
6,0.1748314919,0.33405125241895406
6,1e-05,0.2851321745867761
6,0.1896284433,0.19829642302338088
6,0.0327628694,0.12039838643575507
6,1e-05,0.10869639670851544
6,0.0002927542,0.27873563715609895
6,1e-05,0.26435957956003264
6,0.1895481373,0.29910806252133215
6,1e-05,0.31535398411503135
6,0.9484926017,0.42805797265639156
6,0.9416892171,0.4235558933974556
6,0.9944128965,0.4257929971622534
6,0.9934843177,0.43463592495369396
6,0.0153034948,0.20850920820227106
6,0.0033829776,0.21309344643465686
6,0.3531184273,0.2005988745071022
6,0.5990461883,0.36143938111751883
6,0.99999,0.35008216497379385
6,0.0040101516,0.24737883885535802
6,0.3952897283,0.30531080653507114
6,0.5505227749,0.4231465041246759
6,0.4277454569,0.29183753709535853
6,1e-05,0.2980867321009192
6,0.5957435181,0.45872272009644466
6,0.99999,0.420266548621667
6,0.2119568518,0.447681373886454
6,0.0168560968,0.15401176417967322
6,0.01118107,0.14381291250609404
6,0.4839135967,0.41096120704462813
6,1e-05,0.29374940178759
6,0.603225879,0.3188955406839932
6,0.1024655174,0.32721745014916137
6,0.5995806998,0.5389026058361308
6,0.6996045556,0.3509937714412298
7,0.0036854907,0.3479751081417537
7,0.096039942,0.2865598183835092
7,0.5454363912,0.25548094380524744
7,0.8424837735,0.08372601015311487
7,0.6885690061,0.3469385530731829
7,0.9677614567,0.3262533933370091
7,1e-05,0.27728852916676794
7,1e-05,0.1499058948615085
7,0.1893270143,0.4271485411032916
7,0.0766552953,0.4183601950591679
7,0.99999,0.44966721619045114
7,0.0184818803,0.43664795337061724
7,0.0017981119,0.43733372132926396
7,0.0377896556,0.3621975232273974
7,0.3122967335,0.37779886892533143
7,0.7029995901,0.49822789302351866
7,0.5648195203,0.2917365246779541
7,0.5172978613,0.27183887031584486
7,0.99999,0.11233337583829986
7,0.0044095248,0.10814494813432451
7,0.0153358289,0.1008670216232711
7,0.0874578174,0.3327646507115761
7,0.0837190611,0.34531782579918835
7,0.7224337666,0.4081276220964536
7,0.0058547612,0.23441551181647927
7,0.0036334994,0.23720518211502165
7,0.8589411714,0.32786144791907346
7,1e-05,0.1580735601145683
7,1e-05,0.16822464270670492
7,1e-05,0.13880722447665605
7,0.0201225658,0.22949648234208372
7,0.2576878542,0.22626960344814015
7,1e-05,0.26540766799870275
7,0.0082050607,0.2572577201060341
7,0.0010305269,0.2574141288445456
7,0.0014725603,0.25206326495349074
7,1e-05,0.26104487331296866
7,0.01572173,0.45819170568138823
7,1e-05,0.4620494897877131
7,0.8893204686,0.2187601731503804
7,0.6445456266,0.44057100960818296
7,0.4815275168,0.22462747870199387
7,1e-05,0.03163359735192592
7,0.99999,0.25770951014621324
7,0.6398344744,0.25533324902256294
7,0.2714752457,0.22070765879363394
7,0.2836828234,0.33339257023648794
7,0.1126744573,0.3496350531110961
7,0.0954845713,0.17929778486738254
7,0.0444735928,0.176858070364828
7,0.1597801403,0.3293521282225341
7,0.0844071283,0.19230286628571158
7,0.0192818653,0.261978003377605
7,0.0074149457,0.2806972328584447
7,0.4684356032,0.529462748365704
7,0.0188047139,0.5188709397062197
7,0.9687297641,0.23111923589498037
7,0.276506426,0.2579418033007961
7,0.5940882491,0.4586590740883857
7,0.99999,0.14759796834548441
7,0.5554826919,0.14846403959914348
7,0.99999,0.4003797619992685
7,0.305896431,0.3880165918428824
7,0.0212459139,0.11106982948359051
7,0.99999,0.4358108745931514
7,0.4664149107,0.458209113834385
7,0.0017933448,0.3127071478910294
7,0.0544001091,0.3017710944138936
7,0.4163406197,0.05653622591839423
7,1e-05,0.3539791303693923
7,1e-05,0.331572872551798
7,1e-05,0.07871131305397618
7,0.99999,0.3013448671454022
7,0.7731958672,0.26977288314862813
7,0.4262609187,0.1978164132363652
7,0.99999,0.2948755037936992
7,0.3457903519,0.27745114802727056
7,0.156416586,0.331307443138644
7,0.4792691683,0.37439138049455767
7,1e-05,0.3635325026247689
7,0.99999,0.3735351547121829
7,0.5753878336,0.2533558977771998
7,1e-05,0.13231467151788276
7,0.353783095,0.36821672833412933
7,0.99999,0.37114415968819336
7,1e-05,0.1791063726097682
7,0.534364832,0.5800006981520872
7,0.9984007987,0.3484098574584764
7,0.4264655658,0.33155469529164194
7,0.1828961733,0.30530379269089036
7,0.0873747061,0.35200011767964157
7,0.0156450226,0.09613360755058176
7,0.99999,0.2634709825287118
7,0.0545108514,0.26456836290159114
7,0.5543489099,0.44942173948903275
7,0.3753948071,0.30884290552817506
7,0.0320655095,0.2623667185252154
7,0.99999,0.5359328374658333
7,0.3600104224,0.5264071773218336
7,1e-05,0.1810094524794259
7,0.6877830385,0.3792531607564389
7,0.4605910645,0.3494578616276659
7,0.6194998569,0.3561285846941584
7,0.0143377575,0.33408612773295476
7,1e-05,0.2794729860344647
7,0.6192310643,0.16472026835566858
7,0.0029984559,0.30606845007948746
7,1e-05,0.2361218157916424
7,0.4626674484,0.34636699718317154
7,0.8429980526,0.31763414361008546
7,0.99999,0.36910512311482
7,0.5916669198,0.37558735141195376
7,0.9964296573,0.36152886946861884
7,0.608334795,0.3611388223031048
7,1e-05,0.37327087223406696
7,1e-05,0.12186623733111823
7,0.3885785586,0.390732188308604
7,0.9026395816,0.3716679063407574
7,0.99999,0.3967625834070896
7,0.4746778416,0.384777097426765
7,0.0037409137,0.1949407669943133
7,1e-05,0.1771660634250376
7,0.9347353332,0.2870378566723213
7,0.3384516935,0.4193967159298563
7,0.8442949496,0.3389415867708735
7,0.586864811,0.4444782839662689
7,0.535522548,0.3156399996311008
7,1e-05,0.296790042739432
7,0.9143095441,0.3969491711254074
7,0.0104151062,0.37715258355737835
7,0.4956381597,0.33740965160201664
7,0.023996731,0.297614483047276
7,0.5810791499,0.3037286570224468
7,0.99999,0.507253907056243
7,0.0346009124,0.500722747277886
7,0.0738540271,0.23594271534990427
7,0.3877897001,0.331358379164586
7,1e-05,0.1971860619457863
7,0.9900330447,0.3515049092251946
7,0.571038995,0.4541888736374846
7,1e-05,0.3375913390991261
7,1e-05,0.34747953105848084
7,1e-05,0.3031647401211168
7,0.6417232078,0.35317966021729064
7,0.4239614872,0.28168467830442045
7,0.99999,0.30004835756927073
7,0.5212856902,0.31446728686034353
7,1e-05,0.13476174352064177
7,1e-05,0.004314938710409222
7,0.9184254484,0.45944730884163065
7,0.2128206241,0.3186395284348922
7,1e-05,0.11561295485719414
7,1e-05,0.10892735211877796
7,0.0266717413,0.2289233972746145
7,1e-05,0.23970916935439293
7,0.6537495607,0.44894733843340695
7,0.0530695508,0.437198318957842
7,0.0272175533,0.1828892569899733
7,0.0392081771,0.21424946696797
7,0.99999,0.3602109301662495
7,0.99999,0.33442778558705955
7,0.9867491844,0.33758268787868917
7,0.1834329806,0.30034231547413925
7,0.2477746632,0.377792434380818
7,1e-05,0.163692698154559
7,0.99999,0.16118658195856528
7,0.3125469776,0.1514511363936053
7,0.0374656277,0.3589259116991004
7,0.6385800246,0.3615000726561366
7,1e-05,0.12896780170123548
7,1e-05,0.13622879293459111
7,1e-05,0.14399313954800305
7,0.0349976233,0.1503634759383206
7,0.99999,0.3455075850478295
7,0.7620400119,0.33086134341422724
7,0.4961301868,0.09518015119965753
7,1e-05,0.05142713987581422
7,0.2786023238,0.4976898815172961
7,0.7178538667,0.4388085116100996
7,0.022641023,0.42845212376677233
7,0.99999,0.28605244105398453
7,0.323683952,0.2796241839743119
7,0.6348265282,0.5041325945513114
7,1e-05,0.2611680125905709
7,0.99999,0.3826397782869293
7,0.99999,0.39040601459085456
7,0.0282821079,0.7014664024895307
7,0.7944838648,0.6948213478297037
7,1e-05,0.26266213834648067
7,1e-05,0.2709646330910517
7,0.0806784629,0.3248538784669991
7,1e-05,0.11598324320039022
7,0.4730380209,0.29428880165400495
7,1e-05,0.10072513134462432
7,1e-05,0.09976786645948044
7,0.4714782076,0.5409140466936975
7,0.0069492282,0.18570451613764985
7,0.8836921337,0.4107985919304189
7,1e-05,0.04177011398104856
7,1e-05,0.13077151764080489
7,1e-05,0.14213661650809617
7,0.9918571511,0.1429513031742525
7,0.0436632425,0.14804668851946864
7,0.9569120997,0.47159815383264103
7,0.99999,0.6053632108075656
7,0.611679248,0.6138840485412702
7,0.9085151582,0.42104995419428026
7,0.0035895314,0.222463869111328
7,0.4792881334,0.4764706662858197
7,0.99999,0.3775634982149477
7,0.1749636156,0.38331477162499894
7,0.5528641455,0.33844101019489514
7,1e-05,0.20386575762670917
7,1e-05,0.2019712644206827
7,1e-05,0.1951906834355196
7,0.8845604711,0.33320529436493085
7,0.3313986351,0.34164047131031827
7,0.5641123145,0.45422757908928924
7,0.6468767183,0.3178232249088515
7,0.5573193804,0.35636722273901333
7,0.7858131773,0.42927457240143374
7,1e-05,0.2413127355057492
7,1e-05,0.22395984885563477
7,1e-05,0.20979326477641577
7,0.99999,0.16486099662129103
7,0.5061533914,0.14280928320046896
7,1e-05,0.21201869579688012
7,0.0110487099,0.22677634297586816
7,0.99999,0.046309787931429064
7,0.0245378206,0.04182532769988773
7,0.6332688813,0.34621825675966056
7,0.8832230803,0.3535161476412847
7,0.8520445651,0.34077765519132097
7,0.0350912443,0.3050562117932736
7,0.4832312102,0.46573671586568544
7,0.0383819955,0.3528972223919884
7,0.033549672,0.12111602989617754
7,0.0235245619,0.09906231098637847
7,0.5889987363,0.32946067447160066
7,0.8654903729,0.44888652021597264
7,0.2093357858,0.4563258844023804
7,1e-05,0.3012231569558722
7,0.2501442061,0.37988586697852644
7,0.1512723425,0.3241675572991405
7,0.1423027139,0.3516510015534694
7,0.6780277734,0.23192246991387797
7,0.0188110696,0.25151116032256493
7,1e-05,0.3274557502117851
7,0.0026048463,0.33323706290084276
7,0.7824524707,0.33361048774003166
7,0.185298694,0.3715270805462363
7,0.0738894839,0.20237854826433466
7,0.5684855827,0.3218020023660152
7,0.6855486958,0.27690002375476586
7,0.7268408938,0.35070203846995696
8,0.5658270986,0.4040594384299443
8,0.99999,0.2704801374707426
8,0.99999,0.2671765963337783
8,0.4717672604,0.4630810362588418
8,0.0334208587,0.49856125244579264
8,0.99999,0.4990663100000262
8,0.3766837208,0.26883176638328243
8,0.2530091319,0.35440205131880487
8,0.0571377177,0.21033083436156555
8,0.0047707136,0.2474760546696245
8,0.0423703024,0.42240498838377405
8,0.6880507664,0.4045052610136797
8,0.99999,0.7206383742311503
8,0.99999,0.7023057456132195
8,0.99999,0.7112452862352009
8,0.4520087983,0.7329275476422052
8,0.2130465862,0.32146146650594365
8,0.0168761496,0.3737095874424565
8,0.0182791852,0.3669669416808984
8,0.5262048656,0.3858796258686076
8,0.5036980136,0.3734675973148296
8,1e-05,0.3672770976128119
8,0.730076105,0.427480984050317
8,0.8852952391,0.39645927124252456
8,0.8149837215,0.3429316334193363
8,0.8974049869,0.257580210970494
8,0.5547356266,0.4031342221074068
8,0.8081047121,0.7149942841982126
8,0.5266833676,0.4323233354855569
8,0.5690689092,0.3412578010490219
8,0.9949002385,0.6681557906098622
8,0.99999,0.6514330199375896
8,0.0084764394,0.303785661328941
8,0.0572160436,0.2987757835603858
8,0.3453102816,0.32491299081006997
8,0.99999,0.33837366071955954
8,0.99999,0.3390700912598148
8,0.5585139685,0.343341430822952
8,0.3839350634,0.44318920205834467
8,0.5306942004,0.39316028360394684
8,0.0142291264,0.33470444205105454
8,1e-05,0.31717978402344027
8,0.9169186443,0.4270722270282644
8,0.3330936365,0.46433067221545055
8,0.5392336823,0.34771935281283395
8,0.99999,0.464114052833557
8,0.1420211031,0.45329798458735715
8,0.99999,0.4627764729033591
8,0.5321666017,0.4496163964247517
8,0.99999,0.3504272053733817
8,0.2338773746,0.34394871130602134
8,0.2062751271,0.3597728721739729
8,0.0158184899,0.374490225049826
8,0.0084389518,0.3863781914061635
8,1e-05,0.07292835957712536
8,0.4785748833,0.3995513806070321
8,0.5323441949,0.38718656463493695
8,0.8808912221,0.34270095146844837
8,0.4587595875,0.35938834237218964
8,0.8958897197,0.31335872595806646
8,0.5816136895,0.49756617924834934
8,0.0125653643,0.2191128270669558
8,0.0179278265,0.20211864884563296
8,0.0053028675,0.2323235872442803
8,0.8860387025,0.3390491967099303
8,1e-05,0.3484507086328281
8,0.6749604828,0.329683782384147
8,0.99999,0.4167210377242927
8,0.0165316772,0.3996889264978748
8,0.8760093511,0.41729741017609057
8,0.6933589585,0.3960889492002768
8,0.9787436915,0.4910923781752302
8,0.117069867,0.4243887617609722
8,0.99999,0.36579194145027305
8,0.9998727641,0.3768003893488354
8,0.99999,0.30829994351979695
8,0.2985249765,0.28756765787468974
8,0.3177685183,0.31308594115623356
8,1e-05,0.2433613029709418
8,1e-05,0.23298486253635955
8,0.99999,0.43898917743105514
8,0.4710958839,0.31098232104101287
8,0.1429921627,0.4461016786214024
8,0.8342157294,0.31293059936406864
8,0.99999,0.2040276392098271
8,0.546607338,0.18325899799185427
8,0.4821139028,0.4504024187704442
8,0.6330175585,0.3656403207614579
8,0.0162787132,0.38175769955955063
8,0.99999,0.5102191723927695
8,0.5218461441,0.4640084510845671
8,0.99999,0.5257105821439751
8,1e-05,0.40772798554681944
8,0.0048397528,0.27881527076058077
8,0.2865259692,0.2655084801413259
8,1e-05,0.2449256264125785
8,1e-05,0.2528701600016051
8,0.99999,0.3598625087659968
8,0.4176356897,0.3573509929116926
8,0.5347489334,0.30417837540364234
8,0.3377223683,0.49881492148413
8,0.5975029779,0.49626097922816537
8,0.7668225739,0.639752901770379
8,0.0534746993,0.4921878344314662
8,0.0041229783,0.504059334456688
8,0.0221202487,0.3515461141418974
8,0.0126534251,0.34798916507770294
8,0.2348732953,0.2643736384991374
8,0.0528336118,0.34199576684545985
8,0.6539929402,0.4784779670765895
8,0.3623327279,0.4748814319533652
8,0.99999,0.38589745627539607
8,0.6668700482,0.3558258299446587
8,0.5254863311,0.5142739827811708
8,0.99999,0.6752143763110121
8,0.6202520604,0.6831308337458208
8,0.4088539855,0.4586993294009225
8,0.9993171116,0.43937193114730255
8,0.0611543574,0.3367465311973076
8,0.1442180986,0.34554239464451164
8,1e-05,0.18332897981517993
8,1e-05,0.1726726281254943
8,1e-05,0.3758997802283951
8,0.6098893846,0.41089709770229155
8,0.7498252587,0.28446924007757146
8,0.0287251349,0.3026856510976589
8,1e-05,0.2086198795282487
8,0.5588833455,0.31992691934851425
8,0.4713230794,0.3247049206286181
8,0.99999,0.334086034298419
8,0.9872846697,0.338979454287775
8,0.99999,0.3379106172659808
8,0.034386969,0.3390188549370883
8,0.928959749,0.34095728412695214
8,0.99999,0.27424980414001965
8,0.4837658836,0.2690155933237318
8,0.1355264881,0.35183580532190695
8,0.0187601356,0.3414904591397694
8,0.7120722488,0.361610499971716
8,0.4245646973,0.5809775280771098
8,1e-05,0.3181514471836824
8,0.5834609607,0.34868151282893656
8,0.5107759141,0.3602185316723828
8,0.3908365882,0.21887625424561355
8,0.9260523677,0.3600673524818768
8,0.5877091722,0.5951957969890156
8,0.9253278576,0.34414690230771794
8,0.4081580427,0.33648983797427623
8,1e-05,0.07519671379733404
8,0.1661839269,0.3786131525188229
8,0.99999,0.39242206456838835
8,0.0921239988,0.39735613988876317
8,0.9961122917,0.3481139974382401
8,0.9948342679,0.3412530442444063
8,0.99999,0.3582977778368919
8,0.2312574368,0.3269554536108229
8,0.99999,0.24379384671712237
8,0.9923497354,0.23598473939773498
8,0.0065000604,0.23644086646950027
8,0.0025880846,0.2889176657382455
8,0.9938531596,0.4891346745727808
8,0.0017169356,0.3459541956391695
8,0.8445239402,0.34208278760103683
8,0.0016129983,0.3250147698902648
8,0.0047947848,0.24916666077170338
8,0.0221072758,0.30893359742362925
8,0.6881486864,0.2872860444704979
8,0.2351721762,0.4117562506089507
8,0.4084000495,0.4363096483899651
8,0.3581646557,0.1231807209884313
8,0.6157337052,0.47568930054093017
8,0.99999,0.31430680838527936
8,0.287418844,0.3060863430460756
8,0.6870042462,0.37900415424710276
8,0.6378672086,0.4738604444406168
8,0.9613813641,0.5890310120940185
8,0.9933658083,0.5200383233840609
8,1e-05,0.35394894934517307
8,0.99999,0.3432947182455405
8,0.4220413808,0.3455025197534378
8,0.010573975,0.4575105449442798
8,0.0084962943,0.4627877621036872
8,0.0488080292,0.32073607499594536
8,0.6771584483,0.35751605980040146
8,1e-05,0.14372526540167663
8,1e-05,0.1332526051730836
8,0.9641934387,0.4167039810142723
8,0.995409026,0.387885550222125
8,0.8020919171,0.5180397571892372
8,0.8070771218,0.4556170695638525
8,1e-05,0.44974500904938575
8,1e-05,0.23057948356868854
8,0.7607924872,0.3406257003822383
8,0.3540094257,0.3391510318409937
8,0.6526404944,0.36172043339551585
8,0.3529398849,0.3081816736670576
8,0.0218296351,0.25197948741951237
8,0.0113672513,0.25603786550292573
8,0.7244683149,0.4886446126988494
8,0.8989534312,0.5345386423397036
8,0.8845310875,0.5292193998980814
8,0.99999,0.44840081490225947
8,0.3015380074,0.45581075649165803
8,0.0505926651,0.3184764514144153
8,1e-05,0.3336613134596542
8,0.9828392689,0.33869556430013004
8,0.6830305769,0.31854201536692706
8,0.0114121962,0.3380606047062754
8,0.0027571791,0.33914613981610786
8,0.2483558437,0.46771129548152024
8,1e-05,0.2887223143884311
8,0.6180179395,0.48749255645529777
8,0.0390271908,0.2963387862419332
8,0.0335493675,0.2865775176754315
8,0.9360724316,0.342683475285937
8,0.0313165529,0.37276737438873
8,0.9943560366,0.508050562932788
8,0.8450031577,0.4707440706582765
8,0.9085273531,0.29514478126334764
8,0.4850033032,0.34927835444462096
8,0.9965028613,0.5080912496898681
8,0.2886539181,0.4958383430569996
8,0.0408316208,0.03184873245544806
8,0.0230718417,0.03814498012166641
8,0.8879538729,0.38288603981667335
8,0.4403542216,0.4175821868177553
8,0.0261433322,0.19280893125824877
8,0.1938728466,0.4601570293656505
8,1e-05,0.47673709860928837
8,0.99999,0.35317721158195703
8,0.1183466611,0.3552691665142491
8,0.3759158514,0.5428053579988963
8,0.0211840621,0.35122741581548367
8,0.0016334771,0.4448659914094837
8,0.4198054054,0.43336117451886924
8,0.99999,0.1976255729406998
8,0.99999,0.20834591451286552
8,0.99999,0.22856084229699977
8,0.7068321487,0.6300959511778472
8,0.3476294928,0.34923778664387783
8,0.80671335,0.3782803874977503
8,0.351857864,0.3025971845167913
8,0.4772404793,0.6255100288664297
8,0.99999,0.3552169719886096
8,0.3888063824,0.3341226749633567
8,0.6045484085,0.38944772222662394
8,0.0269365912,0.41008763597683695
8,0.7149680512,0.33701049810351436
8,0.0072866847,0.48837421225830135
8,0.9450104268,0.37888965311125256
8,0.9056805915,0.37261507611307076
8,0.99999,0.43156287612763955
8,0.8743503473,0.32424994520425987
8,0.4362845577,0.339748033133893
9,1e-05,0.24905001698528753
9,1e-05,0.25586289563640385
9,0.1878580622,0.40990434833067757
9,0.8955206693,0.2667485035518189
9,1e-05,0.25897564746702195
9,0.0178918447,0.3295933869936456
9,0.3668166702,0.48816301389061223
9,0.0058538803,0.3494853707008213
9,1e-05,0.24362012558921234
9,1e-05,0.1980612397611218
9,0.0284382366,0.5221233653848512
9,0.0668135495,0.308001500948176
9,0.5455503579,0.3044992803401203
9,0.9957234096,0.33853640280366826
9,0.99999,0.329353943498625
9,0.6373722128,0.4612736321786416
9,0.9925417064,0.33425221213554457
9,0.7413992971,0.3445174588349129
9,0.980245905,0.4922213396737588
9,0.99999,0.4762955792324812
9,0.5294974974,0.3361343294264092
9,0.1948047756,-0.012261175164637768
9,0.0501279254,0.00555534223063487
9,0.5807080583,0.027511616147827073
9,0.0645843229,0.0033393621928456407
9,1e-05,0.04204382083535192
9,1e-05,0.005254661292433342
9,0.3296875269,0.0941499280795115
9,0.2202877837,0.093644732242707
9,0.8264074142,0.37846804932933187
9,1e-05,-0.013277836631769215
9,1e-05,-0.005543812470423216
9,1e-05,-0.0154921603968481
9,0.002974179,0.015029535949771008
9,0.0598675084,0.009493333755994877
9,0.0599152228,0.08625805192886044
9,0.0015405876,0.08425899592588076
9,0.99999,-0.03240550472058576
9,1e-05,0.009923073056348555
9,1.78203e-05,0.010214809635612089
9,1e-05,0.014943374602421663
9,1e-05,0.072237109024685
9,0.0227520111,0.026172623954496974
9,0.0181581576,0.019021924854348088
9,1e-05,0.1050090517981877
9,1e-05,0.049634168694520725
9,0.0810512613,0.15745295578677893
9,1e-05,0.06067345633691418
9,0.0473512964,0.139673756267424
9,0.0366933693,0.00021453584839412065
9,0.1442863128,0.07324312367796783
9,1e-05,0.0392885547175023
9,1e-05,-0.015539393255699804
9,0.0324745595,0.015631840720227504
9,0.0052351282,0.12853354298804434
9,0.0564691274,0.07503670040045177
9,0.1137826107,0.0386686825124585
9,0.1793137222,0.0649394768207227
9,0.0203016498,0.13352131488455257
9,0.6910272701,0.07004923241824729
9,0.0499668958,0.043678936189306225
9,1e-05,0.0948782618916118
9,0.4146575597,0.021595269237102088
9,0.0083106327,0.04084129433935729
9,1e-05,0.042098848902362845
9,0.0317830086,0.02169169671282692
9,0.0149308517,0.03994569340798074
9,0.0078942699,0.009110002438029265
9,1e-05,0.003062311689162399
9,1e-05,0.10710288139822047
9,1e-05,0.09803348680754848
9,0.064903039,0.057668564080836204
9,0.2087736793,0.09236538027325022
9,1e-05,0.01776295985332041
9,1e-05,0.08367758880196274
9,1e-05,0.060598389305919056
9,1e-05,-0.01667757671212069
9,1e-05,0.13396196029532034
9,0.0006261556,0.06658278050432824
9,0.7445294403,0.04987742858538953
9,0.0237490311,0.11235399381503666
9,0.3724297403,0.04805978096302366
9,1e-05,0.005021483390053788
9,0.0046890184,0.06810864031593401
9,0.0833169393,0.039597483408845904
9,0.0073809795,0.030545838262311803
9,0.0195210765,0.05493095013903165
9,1e-05,0.15530103758077332
9,1e-05,0.13824690538723683
9,0.0039343805,0.10194962712596431
9,1e-05,-0.002796185830840285
9,0.0678200513,-0.001845040755127328
9,1e-05,0.025076633160574804
9,1e-05,0.03246550052446591
9,0.0073625705,0.03199540028117712
9,1e-05,0.1932920330516115
9,0.0317021279,0.1424875970443604
9,0.1747220489,0.08527732945698685
9,0.9524018071,0.008192141778730372
9,1e-05,0.08618476956184987
9,0.1329316024,0.09115610740601529
9,0.1891705722,0.06342379722991534
9,0.018138811,0.09254405701025378
9,1e-05,0.08231970851271017
9,0.0014579316,0.09948849654548414
9,0.1594764848,0.022693073085933976
9,1e-05,0.06096286315443343
9,0.03841399,0.11318750923237103
9,0.0477719855,0.11766747847470277
9,0.114453858,0.04132346325281569
9,0.000311453,0.04966148444616346
9,0.0256265841,0.11654239176802245
9,0.0272988573,0.09896653103627012
9,0.0401534424,-0.00862237750800237
9,1e-05,0.016453468960403034
9,0.9913774261,0.056326293751506995
9,0.0022229774,0.13266200711406165
9,1e-05,0.14316689968529087
9,1e-05,0.07029286563712708
9,1e-05,-0.00444255496024018
9,1e-05,0.026449217805467634
9,0.0760812154,-0.0036494690001798447
9,0.0118071155,0.01598420181982837
9,0.3077682137,0.060608129426170415
9,0.0069809015,0.019093941752396246
9,1e-05,0.001385031981081114
9,0.092191784,0.04114702726607471
9,1e-05,0.09034891572740719
9,1e-05,-0.019308904279991636
9,1e-05,0.005313202465151011
9,1e-05,0.03263023314288968
9,1e-05,0.035194493102911256
9,0.0562722666,0.021441395729263388
9,0.0190658338,0.07466962478005126
9,1e-05,0.008911912680912022
9,1e-05,0.0085121275615746
9,0.128508532,-0.01736560344764381
9,0.2864005968,0.06327788568747891
9,0.99999,0.021998707428738967
9,1e-05,0.02666406833096932
9,1e-05,0.043073456299723534
9,0.4697527827,0.08208238524708983
9,1e-05,0.02517236137883186
9,1e-05,0.007823622819873144
9,1e-05,0.05019430666824698
9,0.0594725422,0.09358157582815926
9,1e-05,-0.0076996756397644875
9,0.9301762426,-0.002978884765365779
9,1e-05,0.024255467482330553
9,1e-05,0.11696864899653928
9,1e-05,0.10414577308058681
9,0.2340716236,0.07394199095359312
9,0.5423591342,0.0089003539421178
9,1e-05,0.033372985093437835
9,1e-05,0.01794935322027981
9,1e-05,0.08512732967546782
9,0.0222852211,0.13031374732608197
9,0.009055586,0.1400283493155582
9,0.1338727818,0.1317122809618618
9,0.0174576281,0.22955946050956785
9,1e-05,-0.0002649278629824753
9,1e-05,0.13346298948410998
9,1e-05,0.16368013399496084
9,1e-05,0.16799850183460552
9,0.5417985707,0.12576400403631505
9,0.0736909782,0.15611841669631507
9,0.0064722486,-0.014900462341698603
9,0.0044003629,0.06740769927988328
9,0.0047701933,0.04490522698175113
9,0.3086347779,0.06492201823681103
9,1e-05,0.07886481270496744
9,0.0046910746,0.11871005908630844
9,1e-05,0.024430888861100813
9,1e-05,-0.009659315707155322
9,0.0318679504,0.15749449946946328
9,0.0331429597,0.16946309187229874
9,0.0134444691,0.0760401997792607
9,0.0656956061,0.2140538686916176
9,1e-05,0.01424352145793726
9,0.1052515894,0.03945254952223885
9,1e-05,-0.004165724458671603
9,0.1482024596,-0.0011904740410150355
9,0.0179194985,0.04857883450952993
9,0.0917499668,0.16662139810029578
9,1e-05,-0.03271411522184214
9,0.0161687741,0.07862196428822146
9,0.0017221761,0.09528877885104442
9,1e-05,0.07907183925940106
9,1e-05,0.08077559511713592
9,0.0282301777,0.13275434495270774
9,0.1475163766,0.08144033117971233
9,1e-05,0.04381029743930899
9,0.0148018056,0.149621630987787
9,1e-05,0.12413482814512786
9,0.0095409098,0.10603628909161483
9,0.1628897203,0.10467082935064523
9,0.0656329999,0.09768197668494732
9,0.0763864309,0.07078887534724426
9,0.0047656311,0.04626542917773796
9,0.3948691632,0.05540563804922227
9,0.0749265969,0.3038065956358814
9,0.1327545116,0.07381941916939407
9,1e-05,0.09029843245374658
9,1e-05,0.055278790712474074
9,1e-05,0.11104181791620657
9,0.2258809172,0.10774591679522622
9,0.3721719201,0.12160300112118971
9,1e-05,0.019395428746343105
9,0.5545832751,0.05689224118594349
9,0.0174126805,0.0046089854129866895
9,0.0741333992,0.20264019301189928
9,0.1435008353,0.10046408529336157
9,1e-05,0.04484148063979611
9,0.0411945183,0.12876610458352733
9,0.0590120962,0.157165698747941
9,0.0106414747,0.03403153801706406
9,0.0348428959,0.11044952921481271
9,0.0101763294,0.17281742787380508
9,1e-05,0.010232000639093415
9,0.3471329404,0.011095964501538005
9,0.0387265387,0.24458142190359924
9,0.0397510776,0.18022971184132672
9,0.2014696916,0.15928627653274807
9,1e-05,0.024175704943251747
9,0.2124464067,0.01276876510963091
9,0.0137541794,0.11600440207473908
9,1e-05,0.10603689788937035
9,8.25544e-05,0.16977518448081616
9,0.0669690612,0.11755866541217594
9,1e-05,0.07840405217712403
9,0.0355774016,0.25482310575466305
9,0.001951895,0.08775459283527315
9,0.0109443759,0.21734108365641489
9,1e-05,0.18409843450840171
9,0.0141550851,0.17441987320736346
9,0.2705137687,0.2534993186655361
9,1e-05,0.5675128945455695
9,1e-05,0.05052962450197637
9,0.0591913509,0.1913593638312764
9,0.013099672,0.18615348043948796
9,1e-05,0.21324903803132142
9,0.0334383096,0.07957605192900782
9,1e-05,0.02710914765280706
9,0.0720768374,0.217886026700892
9,0.4245945013,0.12820568434243698
9,0.0056672859,0.01748864058814667
9,0.651571922,-0.018595680105078453
9,0.0117666122,0.022373883895906138
9,0.1881742632,0.03051801080044901
9,0.0125071709,0.0322214284943394
9,1e-05,0.009014514708286119
9,1e-05,0.006962097150227151
9,1e-05,0.0413278494121736
9,1e-05,0.1535184850715067
9,0.9351712026,0.0733309548003684
